PrincessName,FirstMovieTitle,FirstMovieYear,MovieRuntimeMinutes,NumberOfSongs,HasSoloSong,HasDuet,HairColor,EyeColor,OutfitPrimaryColor,OutfitStyleEra,IsRoyalByBirth,HasAnimalSidekick,SidekickType,HasMagicalPowers,MagicType,MainSetting,IsBasedOnRealStory,CulturalOrigin,SpeaksToAnimals,FightsVillainDirectly,RomanticSubplot,MarriedByEnd,VillainName,VillainType,IMDB_Rating,RottenTomatoesScore,BoxOfficeMillions,AvgScreenTimeMinutes,NumMerchItemsOnAmazon,GoogleSearchIndex2024,InstagramFanPages,TikTokHashtagViewsMillions,Top3Hashtags,IsIconic,PopularityScore
Pocahontas,Pocahontas's Adventure,1977,85,4,No,Yes,Brown,Green,Pink,Victorian,Yes,Yes,Dragon,Yes,None,Forest,Yes,Scottish,No,Yes,No,No,Villain of Pocahontas,Witch,7.7,88,661,25,2524,68,298,481,#TeamPocahontas #LovePocahontas #PocahontasForever,Yes,88
Mulan,Mulan's Adventure,1995,85,1,Yes,Yes,Blonde,Brown,Purple,Ancient,No,Yes,Dragon,No,Ice,Mountains,Yes,Native American,Yes,Yes,Yes,Yes,Villain of Mulan,Stepmother,6.3,91,688,52,4202,49,133,619,#TeamMulan #LoveMulan #MulanForever,Yes,78
Raya,Raya's Adventure,1989,110,4,No,No,Blonde,Hazel,Pink,Victorian,Yes,Yes,Horse,Yes,Healing,Forest,Yes,Polynesian,No,Yes,No,Yes,Villain of Raya,Witch,6.3,76,790,54,525,68,129,230,#TeamRaya #LoveRaya #RayaForever,No,53
Anna,Anna's Adventure,1940,78,1,No,No,Brown,Grey,Green,Ancient,No,Yes,Fish,No,Dragon,Desert,No,Scottish,No,No,No,No,Villain of Anna,Witch,8.8,70,820,42,1951,73,138,697,#TeamAnna #LoveAnna #AnnaForever,Yes,84
Mulan,Mulan's Adventure,1943,103,7,No,Yes,White,Brown,Green,Modern,Yes,No,Fish,No,Ice,Village,Yes,Arabian,No,No,Yes,No,Villain of Mulan,Sorcerer,7.9,86,996,55,3958,34,155,200,#TeamMulan #LoveMulan #MulanForever,Yes,71
Jasmine,Jasmine's Adventure,2010,78,7,Yes,Yes,Brown,Blue,Blue,Modern,Yes,No,Fish,Yes,None,Village,Yes,Arabian,Yes,Yes,Yes,No,Villain of Jasmine,Witch,7.5,93,1245,59,555,67,216,454,#TeamJasmine #LoveJasmine #JasmineForever,Yes,61
Snow White,Snow White's Adventure,1986,97,2,No,Yes,Blonde,Blue,Pink,Ancient,No,No,Horse,Yes,Ocean,Forest,Yes,Chinese,Yes,Yes,No,Yes,Villain of Snow White,Sorcerer,7.8,90,639,60,2265,79,118,971,#TeamSnow White #LoveSnow White #Snow WhiteForever,No,94
Rapunzel,Rapunzel's Adventure,1987,79,3,No,No,Black,Hazel,Pink,Medieval,No,Yes,Horse,No,Ocean,Mountains,No,African-American,No,Yes,Yes,Yes,Villain of Rapunzel,Witch,7.9,88,1130,58,705,73,194,988,#TeamRapunzel #LoveRapunzel #RapunzelForever,No,61
Anna,Anna's Adventure,2007,94,6,Yes,No,White,Brown,Pink,Victorian,Yes,No,Fish,No,Ocean,Desert,No,Nordic,No,No,No,Yes,Villain of Anna,Stepmother,7.3,99,1250,33,2132,34,171,506,#TeamAnna #LoveAnna #AnnaForever,Yes,82
Anna,Anna's Adventure,2010,108,1,Yes,Yes,Black,Brown,Pink,Medieval,No,Yes,Horse,Yes,Ocean,Village,Yes,Native American,Yes,Yes,Yes,Yes,Villain of Anna,Warlord,7.5,67,931,48,3995,48,113,472,#TeamAnna #LoveAnna #AnnaForever,No,96
Belle,Belle's Adventure,1983,96,3,No,Yes,Red,Brown,Blue,Victorian,No,No,Dragon,No,Ice,Mountains,Yes,Scottish,Yes,No,No,Yes,Villain of Belle,Warlord,7.3,70,1285,41,4267,91,105,474,#TeamBelle #LoveBelle #BelleForever,No,95
Anna,Anna's Adventure,1953,105,5,No,Yes,Brown,Grey,Pink,Medieval,Yes,No,Fish,No,None,Desert,Yes,Native American,Yes,Yes,Yes,Yes,Villain of Anna,Sorcerer,7.0,92,986,44,2886,54,191,80,#TeamAnna #LoveAnna #AnnaForever,No,62
Mulan,Mulan's Adventure,1979,95,6,No,Yes,Red,Hazel,Blue,Ancient,No,Yes,Dragon,No,Ocean,Mountains,No,Nordic,No,Yes,No,No,Villain of Mulan,Hunter,7.3,74,972,41,1101,98,193,861,#TeamMulan #LoveMulan #MulanForever,Yes,60
Raya,Raya's Adventure,1963,105,7,No,Yes,Blonde,Green,Pink,Medieval,Yes,No,Horse,No,Ice,Castle,Yes,African-American,No,No,Yes,No,Villain of Raya,Stepmother,7.8,83,1007,24,2350,87,143,315,#TeamRaya #LoveRaya #RayaForever,Yes,94
Cinderella,Cinderella's Adventure,1960,85,6,No,No,Red,Grey,Green,Victorian,No,Yes,Dragon,No,Ocean,Desert,No,French,No,Yes,Yes,Yes,Villain of Cinderella,None,7.6,85,1006,60,4525,93,295,223,#TeamCinderella #LoveCinderella #CinderellaForever,Yes,70
Ariel,Ariel's Adventure,1956,91,7,No,Yes,Blonde,Hazel,Purple,Victorian,Yes,No,Dragon,Yes,None,Forest,Yes,Native American,Yes,Yes,Yes,No,Villain of Ariel,Warlord,8.8,90,693,37,4877,93,238,155,#TeamAriel #LoveAriel #ArielForever,No,86
Elsa,Elsa's Adventure,1950,91,6,No,Yes,Red,Hazel,Green,Victorian,No,No,Fish,Yes,Ocean,Mountains,No,Arabian,Yes,No,Yes,Yes,Villain of Elsa,Sorcerer,8.7,62,504,20,1441,94,38,194,#TeamElsa #LoveElsa #ElsaForever,No,89
Pocahontas,Pocahontas's Adventure,1976,104,2,No,Yes,White,Hazel,Green,Medieval,Yes,No,Horse,No,Healing,Mountains,No,Polynesian,Yes,No,No,No,Villain of Pocahontas,Sorcerer,6.8,92,1268,33,1502,59,129,575,#TeamPocahontas #LovePocahontas #PocahontasForever,Yes,97
Mulan,Mulan's Adventure,1991,74,2,No,Yes,Blonde,Brown,Yellow,Modern,No,No,Dragon,Yes,Ocean,Castle,No,Arabian,Yes,No,No,Yes,Villain of Mulan,Stepmother,8.3,66,334,25,184,28,165,238,#TeamMulan #LoveMulan #MulanForever,Yes,51
Raya,Raya's Adventure,2011,78,3,Yes,No,White,Grey,Green,Modern,Yes,Yes,Horse,Yes,Healing,Ocean,No,French,No,Yes,Yes,No,Villain of Raya,Warlord,6.7,97,270,60,91,71,34,21,#TeamRaya #LoveRaya #RayaForever,No,57
Aurora,Aurora's Adventure,1977,72,7,No,Yes,Blonde,Blue,Yellow,Victorian,Yes,Yes,Horse,No,Healing,Desert,Yes,Nordic,Yes,No,Yes,Yes,Villain of Aurora,Stepmother,6.8,82,1068,22,3215,48,85,513,#TeamAurora #LoveAurora #AuroraForever,No,54
Moana,Moana's Adventure,2021,101,1,Yes,No,Red,Green,Yellow,Medieval,Yes,No,Fish,No,Healing,Castle,No,Scottish,No,No,No,Yes,Villain of Moana,None,7.1,61,1005,27,4191,80,250,124,#TeamMoana #LoveMoana #MoanaForever,No,55
Raya,Raya's Adventure,1984,97,7,No,No,Brown,Hazel,Purple,Medieval,No,No,Fish,No,Ocean,Ocean,No,Nordic,No,No,No,No,Villain of Raya,Witch,7.3,71,1118,57,4667,24,226,262,#TeamRaya #LoveRaya #RayaForever,No,91
Cinderella,Cinderella's Adventure,2011,99,3,Yes,No,Blonde,Hazel,Yellow,Victorian,No,No,Fish,No,None,Village,No,Arabian,No,No,Yes,Yes,Villain of Cinderella,Sorcerer,8.1,88,870,55,4968,96,153,102,#TeamCinderella #LoveCinderella #CinderellaForever,No,75
Tiana,Tiana's Adventure,2019,108,4,Yes,Yes,Black,Brown,Pink,Ancient,No,Yes,Fish,Yes,Healing,Mountains,No,Chinese,No,No,Yes,No,Villain of Tiana,Sorcerer,6.8,87,542,44,4788,59,84,554,#TeamTiana #LoveTiana #TianaForever,Yes,62
Merida,Merida's Adventure,1948,79,6,No,Yes,Brown,Brown,Green,Modern,Yes,Yes,None,Yes,Ocean,Ocean,Yes,Chinese,No,Yes,Yes,Yes,Villain of Merida,None,8.8,88,978,25,2822,68,159,172,#TeamMerida #LoveMerida #MeridaForever,No,77
Cinderella,Cinderella's Adventure,1961,100,3,Yes,No,Brown,Brown,Pink,Modern,No,Yes,Dragon,No,Healing,Forest,No,Chinese,No,Yes,Yes,No,Villain of Cinderella,Witch,6.8,76,253,27,4837,53,199,829,#TeamCinderella #LoveCinderella #CinderellaForever,Yes,62
Snow White,Snow White's Adventure,1951,83,6,Yes,No,Red,Brown,Purple,Modern,Yes,Yes,Horse,Yes,Healing,Ocean,No,Polynesian,No,Yes,No,Yes,Villain of Snow White,Witch,8.8,80,997,44,4961,67,268,888,#TeamSnow White #LoveSnow White #Snow WhiteForever,No,88
Aurora,Aurora's Adventure,1978,76,1,No,Yes,Blonde,Grey,Yellow,Ancient,Yes,No,None,No,Dragon,Castle,No,Chinese,No,Yes,No,No,Villain of Aurora,Warlord,7.7,79,534,43,1594,39,13,664,#TeamAurora #LoveAurora #AuroraForever,Yes,67
Mulan,Mulan's Adventure,1983,70,5,No,No,Black,Hazel,Green,Victorian,Yes,No,None,No,None,Forest,Yes,Arabian,No,Yes,No,Yes,Villain of Mulan,Witch,7.0,95,350,31,3599,92,151,734,#TeamMulan #LoveMulan #MulanForever,No,91
Jasmine,Jasmine's Adventure,1996,82,4,Yes,No,Blonde,Blue,Purple,Ancient,No,No,Horse,No,Ice,Ocean,No,Chinese,No,No,Yes,No,Villain of Jasmine,Witch,8.3,85,1077,55,4278,93,227,395,#TeamJasmine #LoveJasmine #JasmineForever,Yes,70
Mulan,Mulan's Adventure,1966,84,6,Yes,Yes,Blonde,Hazel,Blue,Ancient,No,Yes,Horse,Yes,Healing,Forest,Yes,Chinese,No,No,Yes,Yes,Villain of Mulan,Warlord,8.5,95,383,23,794,41,91,224,#TeamMulan #LoveMulan #MulanForever,Yes,65
Moana,Moana's Adventure,1979,92,1,Yes,Yes,Blonde,Hazel,Purple,Ancient,No,Yes,Fish,No,Healing,Village,No,African-American,No,No,Yes,Yes,Villain of Moana,Warlord,8.5,72,358,36,1065,41,111,288,#TeamMoana #LoveMoana #MoanaForever,Yes,77
Raya,Raya's Adventure,1997,104,5,Yes,No,Blonde,Blue,Blue,Medieval,No,Yes,Horse,No,Healing,Village,No,Polynesian,Yes,Yes,Yes,Yes,Villain of Raya,Hunter,7.7,83,300,32,110,80,23,810,#TeamRaya #LoveRaya #RayaForever,No,71
Merida,Merida's Adventure,1963,110,7,No,No,Blonde,Hazel,Yellow,Medieval,No,No,Dragon,Yes,Ice,Ocean,Yes,Scottish,No,Yes,No,No,Villain of Merida,Warlord,8.8,77,720,44,1151,69,211,578,#TeamMerida #LoveMerida #MeridaForever,No,78
Raya,Raya's Adventure,2007,87,1,No,No,Black,Brown,Pink,Modern,No,Yes,Dragon,Yes,Healing,Castle,Yes,Chinese,Yes,No,Yes,Yes,Villain of Raya,Stepmother,7.3,78,459,43,2239,94,32,219,#TeamRaya #LoveRaya #RayaForever,Yes,88
Merida,Merida's Adventure,1962,109,1,No,No,Brown,Green,Green,Ancient,Yes,Yes,Fish,No,Ocean,Desert,No,French,No,Yes,Yes,Yes,Villain of Merida,Sorcerer,6.4,67,101,41,3855,72,277,974,#TeamMerida #LoveMerida #MeridaForever,No,81
Elsa,Elsa's Adventure,1970,99,5,Yes,Yes,Red,Hazel,Yellow,Ancient,Yes,No,None,Yes,Ocean,Desert,Yes,Nordic,No,No,Yes,Yes,Villain of Elsa,Witch,6.4,88,979,38,3721,77,257,101,#TeamElsa #LoveElsa #ElsaForever,No,77
Merida,Merida's Adventure,2009,109,7,Yes,No,Blonde,Hazel,Green,Medieval,Yes,Yes,Fish,Yes,Healing,Castle,Yes,French,No,No,No,Yes,Villain of Merida,Witch,7.4,86,295,39,3768,40,130,930,#TeamMerida #LoveMerida #MeridaForever,No,85
Jasmine,Jasmine's Adventure,1943,88,1,Yes,Yes,Brown,Blue,Purple,Victorian,No,Yes,Dragon,No,Ocean,Castle,No,Chinese,Yes,No,Yes,No,Villain of Jasmine,Sorcerer,7.7,84,209,46,1224,27,65,726,#TeamJasmine #LoveJasmine #JasmineForever,Yes,58
Merida,Merida's Adventure,1993,74,2,Yes,Yes,Black,Hazel,Blue,Ancient,Yes,Yes,Horse,Yes,Ice,Desert,Yes,Polynesian,No,No,Yes,Yes,Villain of Merida,Witch,6.2,97,1072,33,3439,30,38,562,#TeamMerida #LoveMerida #MeridaForever,No,98
Rapunzel,Rapunzel's Adventure,1977,70,4,Yes,Yes,Black,Blue,Green,Medieval,No,No,None,Yes,Ocean,Ocean,Yes,Nordic,No,No,Yes,No,Villain of Rapunzel,Hunter,8.8,87,998,31,1780,87,54,235,#TeamRapunzel #LoveRapunzel #RapunzelForever,Yes,71
Cinderella,Cinderella's Adventure,1991,90,2,No,No,White,Grey,Yellow,Victorian,No,Yes,Dragon,No,Voice,Mountains,No,Native American,No,Yes,No,No,Villain of Cinderella,Witch,6.5,93,352,44,3589,81,234,288,#TeamCinderella #LoveCinderella #CinderellaForever,Yes,59
Mulan,Mulan's Adventure,1974,72,2,No,Yes,Red,Green,Green,Modern,No,No,None,Yes,Dragon,Castle,Yes,Chinese,No,No,No,Yes,Villain of Mulan,None,8.3,79,1222,39,2346,61,89,349,#TeamMulan #LoveMulan #MulanForever,No,78
Rapunzel,Rapunzel's Adventure,1984,86,3,Yes,No,Blonde,Hazel,Green,Medieval,No,No,Horse,No,Healing,Ocean,No,Scottish,No,Yes,No,No,Villain of Rapunzel,Stepmother,6.6,72,638,40,3836,45,67,164,#TeamRapunzel #LoveRapunzel #RapunzelForever,No,63
Pocahontas,Pocahontas's Adventure,1991,84,6,Yes,No,White,Brown,Pink,Victorian,No,No,Horse,No,Voice,Forest,Yes,French,No,Yes,Yes,No,Villain of Pocahontas,Stepmother,8.8,81,613,24,1342,84,144,389,#TeamPocahontas #LovePocahontas #PocahontasForever,Yes,95
Ariel,Ariel's Adventure,1952,97,6,Yes,Yes,Blonde,Brown,Pink,Victorian,Yes,Yes,Fish,Yes,None,Village,No,Native American,No,No,No,Yes,Villain of Ariel,None,7.3,71,157,52,4917,41,119,108,#TeamAriel #LoveAriel #ArielForever,No,53
Merida,Merida's Adventure,2012,89,2,Yes,No,White,Green,Blue,Victorian,Yes,Yes,Fish,No,None,Village,No,African-American,No,Yes,No,Yes,Villain of Merida,Witch,6.3,90,112,37,3168,55,118,146,#TeamMerida #LoveMerida #MeridaForever,No,97
Pocahontas,Pocahontas's Adventure,1954,79,3,Yes,Yes,Blonde,Brown,Green,Victorian,Yes,Yes,None,No,Voice,Mountains,Yes,Chinese,Yes,No,No,Yes,Villain of Pocahontas,Witch,8.7,88,494,58,161,74,93,772,#TeamPocahontas #LovePocahontas #PocahontasForever,No,78
Mulan,Mulan's Adventure,1992,77,4,Yes,No,Red,Hazel,Yellow,Victorian,No,Yes,Dragon,No,Voice,Ocean,Yes,African-American,No,No,No,No,Villain of Mulan,Warlord,6.7,68,637,49,3394,35,212,177,#TeamMulan #LoveMulan #MulanForever,No,92
Tiana,Tiana's Adventure,2015,100,5,Yes,No,Brown,Brown,Green,Ancient,No,Yes,Fish,No,Ocean,Desert,Yes,Scottish,Yes,Yes,Yes,No,Villain of Tiana,Hunter,6.2,95,1142,49,1002,68,158,741,#TeamTiana #LoveTiana #TianaForever,No,65
Raya,Raya's Adventure,1980,93,2,No,No,Blonde,Brown,Green,Modern,Yes,No,Fish,Yes,Healing,Mountains,No,Scottish,No,No,No,Yes,Villain of Raya,None,6.8,85,662,32,4659,92,273,832,#TeamRaya #LoveRaya #RayaForever,No,58
Mulan,Mulan's Adventure,2014,77,3,No,No,White,Grey,Purple,Victorian,Yes,No,Fish,Yes,None,Ocean,No,Scottish,No,Yes,No,Yes,Villain of Mulan,Witch,8.2,98,348,39,2496,48,51,831,#TeamMulan #LoveMulan #MulanForever,No,99
Tiana,Tiana's Adventure,1991,71,6,Yes,No,Black,Green,Blue,Medieval,No,No,None,Yes,Ice,Castle,Yes,African-American,Yes,No,No,Yes,Villain of Tiana,Sorcerer,7.0,71,823,21,3735,71,191,151,#TeamTiana #LoveTiana #TianaForever,Yes,74
Rapunzel,Rapunzel's Adventure,1982,78,6,No,Yes,Red,Blue,Yellow,Medieval,No,No,None,Yes,Healing,Desert,No,Arabian,Yes,Yes,Yes,No,Villain of Rapunzel,Stepmother,8.6,73,1265,54,156,61,275,20,#TeamRapunzel #LoveRapunzel #RapunzelForever,Yes,70
Cinderella,Cinderella's Adventure,1983,80,1,No,Yes,Blonde,Grey,Yellow,Victorian,No,Yes,Dragon,Yes,Voice,Village,Yes,French,Yes,Yes,Yes,Yes,Villain of Cinderella,None,7.9,97,893,39,517,70,166,24,#TeamCinderella #LoveCinderella #CinderellaForever,No,82
Jasmine,Jasmine's Adventure,1993,104,6,No,Yes,White,Blue,Blue,Modern,No,No,Dragon,Yes,Voice,Mountains,No,French,Yes,Yes,No,No,Villain of Jasmine,Stepmother,6.2,75,1239,60,4885,22,117,692,#TeamJasmine #LoveJasmine #JasmineForever,No,70
Cinderella,Cinderella's Adventure,2007,76,7,Yes,No,Brown,Blue,Pink,Modern,No,No,Horse,Yes,Healing,Mountains,Yes,Polynesian,No,Yes,No,Yes,Villain of Cinderella,Sorcerer,6.4,73,555,39,4255,62,218,551,#TeamCinderella #LoveCinderella #CinderellaForever,Yes,53
Belle,Belle's Adventure,1937,105,4,No,Yes,Black,Grey,Yellow,Ancient,Yes,No,Horse,Yes,Dragon,Desert,No,African-American,No,Yes,Yes,Yes,Villain of Belle,Witch,8.2,80,897,51,169,38,149,20,#TeamBelle #LoveBelle #BelleForever,Yes,81
Anna,Anna's Adventure,1991,105,2,Yes,Yes,Black,Green,Green,Victorian,Yes,No,None,Yes,Ice,Forest,No,Arabian,No,Yes,No,No,Villain of Anna,Witch,8.1,93,985,59,963,55,281,113,#TeamAnna #LoveAnna #AnnaForever,Yes,62
Mulan,Mulan's Adventure,2010,92,6,No,No,Red,Brown,Pink,Victorian,Yes,Yes,Fish,No,Dragon,Mountains,No,Nordic,Yes,Yes,No,Yes,Villain of Mulan,Warlord,6.1,87,1300,42,2414,80,43,36,#TeamMulan #LoveMulan #MulanForever,No,54
Merida,Merida's Adventure,1953,83,2,Yes,No,Brown,Blue,Pink,Modern,Yes,No,Fish,Yes,Voice,Castle,Yes,Chinese,Yes,Yes,Yes,No,Villain of Merida,Hunter,8.1,72,627,59,359,78,300,506,#TeamMerida #LoveMerida #MeridaForever,Yes,99
Jasmine,Jasmine's Adventure,1973,108,6,No,No,Red,Green,Pink,Victorian,No,No,None,No,None,Desert,Yes,African-American,Yes,No,Yes,No,Villain of Jasmine,Hunter,7.7,60,438,46,1821,99,55,928,#TeamJasmine #LoveJasmine #JasmineForever,Yes,52
Snow White,Snow White's Adventure,1952,82,1,Yes,No,White,Grey,Purple,Medieval,No,Yes,None,Yes,Voice,Desert,No,Polynesian,Yes,No,Yes,Yes,Villain of Snow White,Witch,7.9,63,1229,29,2067,33,120,892,#TeamSnow White #LoveSnow White #Snow WhiteForever,Yes,98
Rapunzel,Rapunzel's Adventure,1961,91,1,No,Yes,White,Green,Blue,Ancient,No,No,None,No,Healing,Castle,Yes,Arabian,No,Yes,No,Yes,Villain of Rapunzel,Warlord,6.7,99,1188,20,2463,21,133,688,#TeamRapunzel #LoveRapunzel #RapunzelForever,Yes,62
Elsa,Elsa's Adventure,1998,76,2,No,Yes,White,Green,Pink,Ancient,Yes,Yes,Fish,No,Dragon,Castle,Yes,Nordic,No,Yes,No,No,Villain of Elsa,Stepmother,8.3,83,320,20,1022,41,268,461,#TeamElsa #LoveElsa #ElsaForever,Yes,94
Jasmine,Jasmine's Adventure,1964,87,4,No,Yes,Red,Brown,Yellow,Ancient,No,Yes,Dragon,Yes,None,Castle,Yes,Arabian,No,Yes,No,Yes,Villain of Jasmine,Sorcerer,6.5,75,1142,24,2119,92,269,914,#TeamJasmine #LoveJasmine #JasmineForever,Yes,61
Jasmine,Jasmine's Adventure,1989,99,5,Yes,No,Blonde,Brown,Blue,Medieval,No,No,Dragon,No,Healing,Desert,Yes,Polynesian,No,No,Yes,Yes,Villain of Jasmine,Hunter,6.5,64,1096,56,4193,81,193,782,#TeamJasmine #LoveJasmine #JasmineForever,No,74
Mulan,Mulan's Adventure,2001,88,3,Yes,Yes,Red,Blue,Yellow,Ancient,No,No,None,Yes,Ocean,Mountains,Yes,African-American,Yes,No,Yes,Yes,Villain of Mulan,Hunter,6.6,99,451,40,3420,24,165,51,#TeamMulan #LoveMulan #MulanForever,No,84
Aurora,Aurora's Adventure,2001,97,4,No,No,White,Hazel,Blue,Medieval,Yes,Yes,Horse,Yes,Voice,Desert,Yes,Native American,No,No,No,No,Villain of Aurora,Stepmother,7.8,83,492,46,2066,83,175,763,#TeamAurora #LoveAurora #AuroraForever,Yes,90
Cinderella,Cinderella's Adventure,1956,110,2,No,Yes,Brown,Hazel,Pink,Medieval,No,No,None,Yes,Voice,Village,Yes,Scottish,Yes,No,Yes,Yes,Villain of Cinderella,Witch,7.6,85,1272,41,4824,41,26,777,#TeamCinderella #LoveCinderella #CinderellaForever,Yes,81
Rapunzel,Rapunzel's Adventure,1971,105,1,No,No,Blonde,Grey,Pink,Ancient,Yes,Yes,Horse,Yes,Healing,Forest,Yes,Chinese,Yes,No,Yes,No,Villain of Rapunzel,Warlord,8.5,63,633,47,3699,98,235,871,#TeamRapunzel #LoveRapunzel #RapunzelForever,No,50
Moana,Moana's Adventure,1968,80,6,Yes,Yes,White,Brown,Purple,Modern,No,Yes,Dragon,No,Ice,Village,No,Nordic,Yes,No,No,No,Villain of Moana,Warlord,6.3,82,1076,47,2021,87,255,850,#TeamMoana #LoveMoana #MoanaForever,Yes,100
Moana,Moana's Adventure,1996,97,7,Yes,No,Red,Hazel,Blue,Victorian,No,No,Fish,Yes,Voice,Forest,No,Chinese,Yes,Yes,Yes,No,Villain of Moana,None,8.5,66,376,26,1511,41,40,492,#TeamMoana #LoveMoana #MoanaForever,No,62
Merida,Merida's Adventure,1960,109,5,No,No,Brown,Grey,Blue,Medieval,No,No,Fish,Yes,Voice,Desert,No,Native American,Yes,Yes,Yes,Yes,Villain of Merida,Warlord,8.2,66,753,30,1446,44,205,647,#TeamMerida #LoveMerida #MeridaForever,No,79
Raya,Raya's Adventure,1952,89,6,Yes,No,Blonde,Hazel,Blue,Victorian,No,Yes,None,No,Ice,Forest,Yes,Arabian,No,Yes,Yes,No,Villain of Raya,None,6.8,97,678,57,4419,27,173,753,#TeamRaya #LoveRaya #RayaForever,No,55
Snow White,Snow White's Adventure,1949,85,1,Yes,Yes,Brown,Grey,Purple,Medieval,No,No,Dragon,No,Dragon,Village,Yes,Scottish,No,Yes,Yes,No,Villain of Snow White,Warlord,6.4,97,714,56,2741,85,210,54,#TeamSnow White #LoveSnow White #Snow WhiteForever,No,79
Snow White,Snow White's Adventure,1978,106,1,Yes,No,Blonde,Brown,Purple,Victorian,Yes,No,None,No,Ice,Mountains,Yes,Arabian,Yes,No,No,No,Villain of Snow White,Stepmother,7.7,83,374,60,2472,57,38,50,#TeamSnow White #LoveSnow White #Snow WhiteForever,Yes,66
Rapunzel,Rapunzel's Adventure,2019,106,7,No,No,Blonde,Brown,Blue,Ancient,No,Yes,Horse,Yes,None,Forest,No,Chinese,No,Yes,No,Yes,Villain of Rapunzel,Witch,7.4,65,1012,24,4247,67,71,967,#TeamRapunzel #LoveRapunzel #RapunzelForever,No,81
Pocahontas,Pocahontas's Adventure,1986,106,7,No,No,White,Brown,Yellow,Victorian,No,Yes,Dragon,No,Ocean,Forest,Yes,Nordic,No,Yes,Yes,Yes,Villain of Pocahontas,Sorcerer,6.3,94,119,32,1423,44,264,22,#TeamPocahontas #LovePocahontas #PocahontasForever,No,85
Mulan,Mulan's Adventure,1951,96,4,No,No,Red,Hazel,Green,Ancient,No,Yes,None,Yes,Dragon,Forest,No,French,No,No,No,No,Villain of Mulan,Hunter,7.5,93,157,42,218,69,292,432,#TeamMulan #LoveMulan #MulanForever,Yes,60
Moana,Moana's Adventure,2001,81,2,No,Yes,Brown,Blue,Purple,Modern,No,No,Fish,No,None,Ocean,Yes,Chinese,No,No,No,Yes,Villain of Moana,None,6.6,99,102,44,2702,83,254,589,#TeamMoana #LoveMoana #MoanaForever,No,72
Snow White,Snow White's Adventure,2000,107,6,No,No,White,Brown,Purple,Modern,Yes,No,Dragon,No,Ocean,Forest,No,Nordic,Yes,Yes,Yes,No,Villain of Snow White,Witch,8.9,67,421,55,1435,33,280,790,#TeamSnow White #LoveSnow White #Snow WhiteForever,No,57
Aurora,Aurora's Adventure,1937,98,5,No,Yes,Blonde,Blue,Green,Victorian,Yes,Yes,Fish,Yes,None,Ocean,No,Chinese,No,Yes,Yes,No,Villain of Aurora,Stepmother,8.8,85,985,55,1307,82,34,787,#TeamAurora #LoveAurora #AuroraForever,No,62
Tiana,Tiana's Adventure,1944,89,5,No,No,Red,Green,Blue,Ancient,No,No,None,No,Ocean,Ocean,No,Arabian,No,Yes,No,Yes,Villain of Tiana,Warlord,6.1,64,745,44,3203,50,258,809,#TeamTiana #LoveTiana #TianaForever,No,91
Aurora,Aurora's Adventure,1952,75,2,Yes,No,Black,Hazel,Green,Medieval,Yes,Yes,Dragon,No,Ocean,Desert,No,Nordic,Yes,Yes,Yes,Yes,Villain of Aurora,Hunter,6.5,94,605,22,3309,44,130,523,#TeamAurora #LoveAurora #AuroraForever,Yes,71
Pocahontas,Pocahontas's Adventure,1981,110,5,No,No,Red,Blue,Yellow,Victorian,No,Yes,Horse,No,Ice,Ocean,Yes,French,Yes,No,Yes,No,Villain of Pocahontas,Warlord,7.6,66,136,58,3171,71,128,506,#TeamPocahontas #LovePocahontas #PocahontasForever,Yes,69
Raya,Raya's Adventure,1943,108,7,No,No,Red,Blue,Purple,Ancient,No,Yes,None,No,Dragon,Castle,No,Chinese,No,Yes,No,No,Villain of Raya,None,7.7,65,674,27,3809,25,55,353,#TeamRaya #LoveRaya #RayaForever,Yes,84
Pocahontas,Pocahontas's Adventure,1983,88,3,Yes,No,Blonde,Grey,Blue,Victorian,Yes,No,None,Yes,None,Forest,No,African-American,No,Yes,Yes,Yes,Villain of Pocahontas,Witch,6.5,74,815,23,1288,47,22,896,#TeamPocahontas #LovePocahontas #PocahontasForever,No,64
Pocahontas,Pocahontas's Adventure,2013,70,4,No,No,Black,Green,Pink,Victorian,No,No,Horse,Yes,None,Ocean,Yes,African-American,No,No,No,No,Villain of Pocahontas,Sorcerer,8.9,73,325,40,3650,99,62,185,#TeamPocahontas #LovePocahontas #PocahontasForever,No,89
Pocahontas,Pocahontas's Adventure,1974,71,7,No,Yes,Red,Grey,Green,Victorian,Yes,Yes,None,No,None,Castle,No,Arabian,No,No,Yes,No,Villain of Pocahontas,None,6.3,82,202,32,2130,51,145,985,#TeamPocahontas #LovePocahontas #PocahontasForever,No,69
Belle,Belle's Adventure,1991,104,3,Yes,Yes,Brown,Green,Purple,Victorian,Yes,No,None,Yes,Voice,Castle,Yes,French,No,No,No,Yes,Villain of Belle,None,6.3,80,384,36,734,41,116,854,#TeamBelle #LoveBelle #BelleForever,Yes,95
Rapunzel,Rapunzel's Adventure,1937,86,6,No,Yes,White,Brown,Pink,Ancient,Yes,No,None,No,Ice,Castle,No,Scottish,No,No,Yes,Yes,Villain of Rapunzel,Witch,8.0,60,597,60,1330,85,203,644,#TeamRapunzel #LoveRapunzel #RapunzelForever,No,68
Moana,Moana's Adventure,1950,75,2,No,No,White,Green,Green,Ancient,Yes,Yes,Fish,Yes,Dragon,Village,No,Scottish,No,No,No,Yes,Villain of Moana,Stepmother,6.7,71,934,41,3231,37,231,250,#TeamMoana #LoveMoana #MoanaForever,Yes,76
Raya,Raya's Adventure,1939,79,3,No,No,White,Blue,Pink,Ancient,No,Yes,Fish,Yes,Healing,Village,Yes,Nordic,No,No,No,Yes,Villain of Raya,Hunter,7.5,68,1105,38,483,92,262,400,#TeamRaya #LoveRaya #RayaForever,No,83
Aurora,Aurora's Adventure,1978,83,2,No,Yes,Brown,Grey,Yellow,Ancient,Yes,Yes,Dragon,Yes,Ocean,Forest,Yes,Nordic,No,No,Yes,Yes,Villain of Aurora,Warlord,6.3,88,800,52,4591,81,88,68,#TeamAurora #LoveAurora #AuroraForever,Yes,74
Moana,Moana's Adventure,1982,86,7,Yes,Yes,Blonde,Hazel,Green,Victorian,No,Yes,Dragon,No,None,Ocean,Yes,Chinese,Yes,No,Yes,Yes,Villain of Moana,Sorcerer,7.1,82,902,54,2787,41,111,91,#TeamMoana #LoveMoana #MoanaForever,Yes,68
Aurora,Aurora's Adventure,2002,101,7,No,Yes,Brown,Green,Purple,Modern,No,Yes,Horse,Yes,Dragon,Castle,Yes,French,No,No,No,Yes,Villain of Aurora,Hunter,8.9,94,518,25,4671,75,121,727,#TeamAurora #LoveAurora #AuroraForever,Yes,66
Tiana,Tiana's Adventure,1986,90,7,No,Yes,White,Blue,Green,Modern,Yes,Yes,Fish,No,None,Castle,Yes,Nordic,Yes,No,No,Yes,Villain of Tiana,None,6.1,89,213,32,2016,41,28,29,#TeamTiana #LoveTiana #TianaForever,No,88
Jasmine,Jasmine's Adventure,1939,101,6,No,No,Brown,Blue,Green,Ancient,No,Yes,None,Yes,Healing,Castle,Yes,French,Yes,Yes,No,No,Villain of Jasmine,Witch,8.3,85,752,44,3244,53,203,654,#TeamJasmine #LoveJasmine #JasmineForever,Yes,64
Moana,Moana's Adventure,1949,84,3,No,Yes,Blonde,Blue,Yellow,Medieval,No,No,Horse,Yes,Ice,Castle,Yes,Chinese,Yes,No,Yes,No,Villain of Moana,Sorcerer,8.9,73,425,44,2834,64,148,730,#TeamMoana #LoveMoana #MoanaForever,Yes,65
Mulan,Mulan's Adventure,1995,101,6,No,No,Black,Brown,Blue,Victorian,No,Yes,Horse,Yes,Ice,Ocean,Yes,African-American,No,No,No,No,Villain of Mulan,Warlord,7.7,77,1216,51,4849,90,239,343,#TeamMulan #LoveMulan #MulanForever,Yes,77
Moana,Moana's Adventure,1993,87,6,No,No,White,Hazel,Yellow,Medieval,Yes,Yes,None,No,Ice,Desert,No,Arabian,No,No,Yes,Yes,Villain of Moana,Stepmother,7.4,61,216,54,1432,29,94,971,#TeamMoana #LoveMoana #MoanaForever,Yes,98
Mulan,Mulan's Adventure,2019,85,7,No,Yes,Brown,Blue,Pink,Ancient,Yes,No,Dragon,Yes,Ice,Forest,Yes,Nordic,Yes,No,Yes,No,Villain of Mulan,Stepmother,8.0,98,755,33,2103,68,269,582,#TeamMulan #LoveMulan #MulanForever,No,63
Raya,Raya's Adventure,1980,105,5,Yes,No,Brown,Hazel,Pink,Medieval,Yes,No,Fish,Yes,Voice,Desert,No,French,Yes,No,Yes,Yes,Villain of Raya,Warlord,8.6,78,245,30,4156,86,121,117,#TeamRaya #LoveRaya #RayaForever,Yes,66
Ariel,Ariel's Adventure,1990,106,6,Yes,Yes,Red,Grey,Green,Modern,Yes,No,Fish,No,Ocean,Village,Yes,Polynesian,No,No,Yes,Yes,Villain of Ariel,Warlord,8.1,68,193,27,342,28,200,74,#TeamAriel #LoveAriel #ArielForever,Yes,77
Merida,Merida's Adventure,1997,101,6,No,No,Black,Hazel,Pink,Medieval,No,No,None,No,None,Castle,Yes,African-American,No,Yes,No,No,Villain of Merida,Hunter,7.0,95,1263,39,237,69,61,543,#TeamMerida #LoveMerida #MeridaForever,Yes,82
Tiana,Tiana's Adventure,2018,80,1,No,No,Brown,Green,Purple,Ancient,Yes,Yes,Horse,Yes,Ice,Ocean,No,African-American,No,No,Yes,Yes,Villain of Tiana,Sorcerer,6.6,99,407,47,4375,61,238,423,#TeamTiana #LoveTiana #TianaForever,No,57
Tiana,Tiana's Adventure,1963,88,5,No,Yes,Blonde,Hazel,Blue,Modern,No,No,Fish,No,None,Forest,Yes,French,Yes,No,Yes,No,Villain of Tiana,Stepmother,6.4,82,486,45,4755,34,229,988,#TeamTiana #LoveTiana #TianaForever,Yes,100
Raya,Raya's Adventure,1996,103,7,No,Yes,White,Brown,Green,Victorian,Yes,No,Fish,Yes,Voice,Mountains,No,Scottish,No,Yes,Yes,Yes,Villain of Raya,Stepmother,8.7,80,743,55,332,85,90,106,#TeamRaya #LoveRaya #RayaForever,No,87
Merida,Merida's Adventure,1954,78,6,No,No,Red,Brown,Green,Victorian,Yes,No,Dragon,Yes,Ocean,Ocean,Yes,Nordic,Yes,Yes,No,No,Villain of Merida,Sorcerer,6.5,78,373,40,4558,61,220,538,#TeamMerida #LoveMerida #MeridaForever,Yes,92
Moana,Moana's Adventure,1966,102,1,Yes,No,Red,Brown,Purple,Modern,Yes,Yes,Horse,No,Voice,Forest,No,French,No,No,No,Yes,Villain of Moana,Stepmother,7.6,79,361,57,337,95,110,567,#TeamMoana #LoveMoana #MoanaForever,Yes,56
Jasmine,Jasmine's Adventure,1938,107,3,Yes,No,Black,Brown,Green,Modern,Yes,No,None,Yes,None,Ocean,No,Chinese,Yes,No,No,No,Villain of Jasmine,Stepmother,7.3,81,1285,20,4074,65,240,356,#TeamJasmine #LoveJasmine #JasmineForever,Yes,55
Jasmine,Jasmine's Adventure,1940,98,7,Yes,Yes,Red,Blue,Blue,Medieval,Yes,Yes,Fish,No,None,Castle,Yes,Native American,No,No,No,Yes,Villain of Jasmine,None,8.8,91,476,47,1281,33,261,305,#TeamJasmine #LoveJasmine #JasmineForever,Yes,93
Snow White,Snow White's Adventure,1953,94,1,No,Yes,Brown,Brown,Purple,Modern,No,Yes,Horse,No,Healing,Forest,Yes,Scottish,Yes,No,No,Yes,Villain of Snow White,Stepmother,7.4,76,1019,58,1109,70,223,113,#TeamSnow White #LoveSnow White #Snow WhiteForever,No,98
Anna,Anna's Adventure,1943,88,7,No,No,Brown,Grey,Yellow,Medieval,No,No,Fish,Yes,Voice,Ocean,Yes,Nordic,Yes,Yes,Yes,No,Villain of Anna,Witch,7.5,86,392,48,677,88,85,421,#TeamAnna #LoveAnna #AnnaForever,No,62
Raya,Raya's Adventure,1975,106,2,Yes,Yes,Red,Green,Purple,Victorian,No,Yes,Dragon,Yes,Healing,Desert,Yes,African-American,Yes,Yes,No,No,Villain of Raya,Witch,6.1,73,1020,35,3843,72,28,191,#TeamRaya #LoveRaya #RayaForever,Yes,81
Pocahontas,Pocahontas's Adventure,1942,83,3,No,No,Black,Brown,Blue,Ancient,Yes,No,Horse,Yes,None,Castle,No,African-American,No,Yes,Yes,No,Villain of Pocahontas,Sorcerer,8.3,92,791,26,466,82,76,915,#TeamPocahontas #LovePocahontas #PocahontasForever,Yes,70
Aurora,Aurora's Adventure,2010,84,4,Yes,No,Black,Blue,Pink,Medieval,No,No,Fish,Yes,Healing,Desert,No,African-American,No,No,No,Yes,Villain of Aurora,Witch,8.8,83,491,52,667,30,166,868,#TeamAurora #LoveAurora #AuroraForever,No,98
Ariel,Ariel's Adventure,1997,87,1,No,No,Blonde,Brown,Green,Modern,Yes,Yes,None,No,Ice,Village,Yes,Chinese,No,Yes,Yes,No,Villain of Ariel,Sorcerer,7.0,94,642,23,1309,22,200,630,#TeamAriel #LoveAriel #ArielForever,Yes,91
Moana,Moana's Adventure,1985,95,5,Yes,No,Red,Grey,Yellow,Victorian,Yes,No,Dragon,No,Ice,Village,Yes,African-American,Yes,Yes,Yes,Yes,Villain of Moana,Witch,6.3,69,942,53,1653,95,101,718,#TeamMoana #LoveMoana #MoanaForever,No,62
Snow White,Snow White's Adventure,2011,75,5,Yes,Yes,Red,Blue,Purple,Victorian,Yes,No,Dragon,No,Ice,Castle,No,Scottish,Yes,Yes,No,Yes,Villain of Snow White,None,7.6,77,1122,56,3022,44,79,846,#TeamSnow White #LoveSnow White #Snow WhiteForever,Yes,81
Tiana,Tiana's Adventure,1950,98,5,No,Yes,Red,Grey,Yellow,Modern,No,Yes,Horse,Yes,Voice,Desert,No,Arabian,No,Yes,No,Yes,Villain of Tiana,Sorcerer,6.6,73,945,23,2831,55,179,812,#TeamTiana #LoveTiana #TianaForever,No,88
Raya,Raya's Adventure,1971,87,7,No,Yes,White,Grey,Green,Ancient,No,No,Fish,No,None,Ocean,No,Polynesian,No,Yes,Yes,Yes,Villain of Raya,Warlord,8.6,96,791,39,1252,97,187,146,#TeamRaya #LoveRaya #RayaForever,No,55
Belle,Belle's Adventure,1993,103,1,Yes,Yes,Black,Hazel,Yellow,Victorian,Yes,Yes,Dragon,Yes,Ocean,Mountains,Yes,African-American,Yes,No,Yes,Yes,Villain of Belle,Warlord,7.0,77,968,34,3514,52,49,452,#TeamBelle #LoveBelle #BelleForever,Yes,52
Moana,Moana's Adventure,1999,75,2,Yes,Yes,Black,Green,Blue,Modern,No,Yes,Horse,No,Ocean,Village,No,Arabian,Yes,Yes,No,Yes,Villain of Moana,Hunter,7.6,80,247,30,3959,66,160,704,#TeamMoana #LoveMoana #MoanaForever,No,97
Rapunzel,Rapunzel's Adventure,2017,77,2,Yes,No,Black,Green,Yellow,Modern,No,Yes,Horse,Yes,Healing,Forest,No,Polynesian,No,Yes,No,No,Villain of Rapunzel,Witch,6.7,93,626,58,853,50,144,428,#TeamRapunzel #LoveRapunzel #RapunzelForever,Yes,98
Ariel,Ariel's Adventure,1965,109,7,No,Yes,Blonde,Hazel,Blue,Victorian,No,No,Fish,No,None,Forest,No,Scottish,No,No,Yes,No,Villain of Ariel,Hunter,8.0,92,1010,46,3601,68,273,136,#TeamAriel #LoveAriel #ArielForever,No,76
Snow White,Snow White's Adventure,1965,109,4,No,Yes,Red,Grey,Purple,Victorian,No,Yes,Dragon,Yes,Ocean,Mountains,Yes,Native American,No,No,No,Yes,Villain of Snow White,Warlord,6.9,67,149,58,123,56,120,791,#TeamSnow White #LoveSnow White #Snow WhiteForever,No,73
Ariel,Ariel's Adventure,1977,80,2,Yes,No,White,Grey,Purple,Medieval,Yes,Yes,Fish,Yes,Healing,Mountains,Yes,French,No,Yes,No,No,Villain of Ariel,Warlord,6.6,77,664,25,1097,91,214,71,#TeamAriel #LoveAriel #ArielForever,Yes,100
Cinderella,Cinderella's Adventure,2004,100,7,No,No,Red,Blue,Purple,Victorian,Yes,No,Dragon,Yes,Ice,Mountains,No,African-American,Yes,Yes,No,Yes,Villain of Cinderella,Hunter,8.4,62,462,20,1106,63,298,802,#TeamCinderella #LoveCinderella #CinderellaForever,No,84
Snow White,Snow White's Adventure,2014,95,3,No,No,White,Grey,Purple,Victorian,Yes,No,None,No,Dragon,Mountains,Yes,French,Yes,Yes,Yes,Yes,Villain of Snow White,Warlord,7.9,73,152,49,3117,97,211,35,#TeamSnow White #LoveSnow White #Snow WhiteForever,Yes,80
Mulan,Mulan's Adventure,1951,101,2,Yes,Yes,Blonde,Brown,Purple,Ancient,Yes,Yes,None,Yes,Ocean,Village,Yes,Native American,No,Yes,Yes,Yes,Villain of Mulan,Witch,7.6,64,448,41,3092,47,228,151,#TeamMulan #LoveMulan #MulanForever,No,60
Cinderella,Cinderella's Adventure,1983,94,4,No,No,Red,Hazel,Purple,Modern,No,Yes,Dragon,No,None,Desert,No,French,No,No,No,No,Villain of Cinderella,None,6.1,80,761,24,4768,74,121,547,#TeamCinderella #LoveCinderella #CinderellaForever,Yes,84
Belle,Belle's Adventure,2014,88,1,No,Yes,Red,Grey,Pink,Victorian,Yes,No,Fish,No,Ice,Forest,Yes,Polynesian,Yes,Yes,Yes,Yes,Villain of Belle,Warlord,8.3,90,781,54,61,69,10,597,#TeamBelle #LoveBelle #BelleForever,Yes,82
Anna,Anna's Adventure,1995,87,1,Yes,Yes,White,Green,Green,Modern,Yes,Yes,Horse,Yes,None,Village,Yes,Arabian,No,Yes,Yes,Yes,Villain of Anna,Sorcerer,6.4,93,958,28,154,23,198,283,#TeamAnna #LoveAnna #AnnaForever,Yes,54
Mulan,Mulan's Adventure,2003,85,7,Yes,Yes,Black,Green,Pink,Ancient,Yes,No,Fish,No,Ice,Desert,Yes,Scottish,No,No,Yes,No,Villain of Mulan,Hunter,7.2,89,166,40,356,79,294,806,#TeamMulan #LoveMulan #MulanForever,Yes,71
Snow White,Snow White's Adventure,1947,90,6,Yes,No,Red,Grey,Blue,Ancient,No,Yes,None,Yes,Voice,Mountains,Yes,Nordic,No,No,Yes,Yes,Villain of Snow White,None,9.0,75,396,42,2973,30,183,704,#TeamSnow White #LoveSnow White #Snow WhiteForever,Yes,91
Anna,Anna's Adventure,1972,76,3,No,Yes,White,Green,Pink,Modern,Yes,No,None,No,Dragon,Castle,Yes,Nordic,Yes,No,Yes,Yes,Villain of Anna,Witch,7.2,89,918,32,2919,66,62,225,#TeamAnna #LoveAnna #AnnaForever,Yes,90
Ariel,Ariel's Adventure,1948,84,1,Yes,Yes,White,Brown,Blue,Ancient,Yes,Yes,Dragon,No,None,Mountains,No,Scottish,Yes,Yes,Yes,Yes,Villain of Ariel,Witch,8.5,65,652,31,1958,31,67,563,#TeamAriel #LoveAriel #ArielForever,Yes,99
Anna,Anna's Adventure,1976,109,1,No,No,Brown,Blue,Pink,Modern,Yes,No,Horse,Yes,Ocean,Village,Yes,Polynesian,No,No,Yes,No,Villain of Anna,Witch,6.2,60,1233,41,493,87,253,63,#TeamAnna #LoveAnna #AnnaForever,Yes,93
Ariel,Ariel's Adventure,1956,101,3,No,Yes,Red,Blue,Yellow,Medieval,No,Yes,Fish,No,Healing,Mountains,Yes,Nordic,No,Yes,Yes,No,Villain of Ariel,Stepmother,8.1,74,215,53,4050,69,245,802,#TeamAriel #LoveAriel #ArielForever,No,69
Merida,Merida's Adventure,1961,75,4,Yes,Yes,Blonde,Green,Pink,Modern,Yes,No,None,Yes,None,Ocean,Yes,Arabian,No,No,Yes,Yes,Villain of Merida,Sorcerer,8.9,88,1111,36,2452,68,165,526,#TeamMerida #LoveMerida #MeridaForever,No,59
Raya,Raya's Adventure,1999,92,5,No,No,White,Brown,Purple,Modern,Yes,No,Dragon,Yes,Healing,Desert,No,Chinese,No,Yes,Yes,No,Villain of Raya,Sorcerer,8.5,63,270,37,4353,55,52,538,#TeamRaya #LoveRaya #RayaForever,Yes,80
Moana,Moana's Adventure,1956,96,3,Yes,No,Brown,Hazel,Purple,Medieval,No,Yes,None,Yes,Ocean,Castle,Yes,Scottish,No,Yes,Yes,No,Villain of Moana,Hunter,6.1,76,1013,50,3677,75,92,605,#TeamMoana #LoveMoana #MoanaForever,No,66
Elsa,Elsa's Adventure,1961,96,7,Yes,No,Brown,Grey,Pink,Modern,No,No,Dragon,Yes,Dragon,Forest,Yes,African-American,No,Yes,Yes,Yes,Villain of Elsa,Hunter,6.9,89,757,59,4437,84,145,165,#TeamElsa #LoveElsa #ElsaForever,Yes,59
Snow White,Snow White's Adventure,2014,86,5,Yes,Yes,Black,Blue,Pink,Ancient,Yes,Yes,Dragon,Yes,Dragon,Forest,No,Polynesian,No,No,Yes,Yes,Villain of Snow White,Sorcerer,7.3,61,248,37,3774,59,56,656,#TeamSnow White #LoveSnow White #Snow WhiteForever,No,85
Anna,Anna's Adventure,2000,95,7,Yes,Yes,Blonde,Brown,Purple,Victorian,Yes,Yes,Dragon,Yes,Dragon,Mountains,No,Chinese,No,No,No,No,Villain of Anna,None,8.2,73,959,20,3500,41,110,558,#TeamAnna #LoveAnna #AnnaForever,Yes,80
Aurora,Aurora's Adventure,2016,76,2,No,No,Black,Hazel,Yellow,Victorian,No,Yes,None,No,Voice,Mountains,Yes,Polynesian,Yes,No,No,Yes,Villain of Aurora,Stepmother,8.5,87,987,52,4686,83,277,428,#TeamAurora #LoveAurora #AuroraForever,No,75
Merida,Merida's Adventure,1977,107,1,Yes,Yes,Red,Brown,Green,Medieval,Yes,No,Dragon,Yes,Dragon,Desert,Yes,African-American,No,Yes,No,Yes,Villain of Merida,Witch,6.3,96,790,54,212,28,205,288,#TeamMerida #LoveMerida #MeridaForever,Yes,81
Ariel,Ariel's Adventure,1999,107,7,Yes,No,Black,Blue,Purple,Victorian,Yes,Yes,Horse,No,Healing,Castle,No,African-American,No,Yes,Yes,Yes,Villain of Ariel,Warlord,6.5,89,815,39,3363,54,254,303,#TeamAriel #LoveAriel #ArielForever,Yes,81
Merida,Merida's Adventure,2001,80,5,No,Yes,Red,Hazel,Purple,Modern,Yes,Yes,Dragon,No,Dragon,Village,No,Scottish,Yes,Yes,No,Yes,Villain of Merida,Warlord,6.6,70,994,51,943,58,151,950,#TeamMerida #LoveMerida #MeridaForever,No,88
Pocahontas,Pocahontas's Adventure,1948,70,1,Yes,No,White,Hazel,Green,Medieval,Yes,No,Horse,Yes,Ocean,Desert,No,African-American,No,Yes,Yes,Yes,Villain of Pocahontas,Stepmother,6.3,97,511,39,1761,80,214,703,#TeamPocahontas #LovePocahontas #PocahontasForever,No,54
Belle,Belle's Adventure,1987,91,5,Yes,No,White,Blue,Green,Modern,Yes,No,None,Yes,Ice,Ocean,Yes,African-American,Yes,No,No,Yes,Villain of Belle,Sorcerer,8.8,68,1024,23,4732,81,46,706,#TeamBelle #LoveBelle #BelleForever,No,89
Mulan,Mulan's Adventure,2017,110,3,Yes,No,Brown,Blue,Yellow,Ancient,No,Yes,Dragon,No,Ice,Forest,Yes,Nordic,Yes,No,No,No,Villain of Mulan,Sorcerer,6.6,80,1069,24,1295,85,264,554,#TeamMulan #LoveMulan #MulanForever,Yes,75
Rapunzel,Rapunzel's Adventure,2006,93,6,Yes,No,Blonde,Hazel,Green,Modern,Yes,No,Fish,No,Healing,Castle,Yes,Native American,No,No,Yes,Yes,Villain of Rapunzel,None,8.6,69,1241,47,4163,76,209,578,#TeamRapunzel #LoveRapunzel #RapunzelForever,No,75
Elsa,Elsa's Adventure,1963,109,3,No,Yes,Red,Green,Purple,Medieval,No,No,None,No,Voice,Ocean,Yes,Nordic,No,Yes,Yes,No,Villain of Elsa,Warlord,8.0,91,1112,58,2329,94,60,73,#TeamElsa #LoveElsa #ElsaForever,Yes,65
Elsa,Elsa's Adventure,2000,81,3,No,Yes,Blonde,Blue,Blue,Modern,Yes,No,None,Yes,Dragon,Forest,Yes,Polynesian,No,No,No,Yes,Villain of Elsa,Stepmother,6.7,68,181,51,4884,54,52,594,#TeamElsa #LoveElsa #ElsaForever,No,82
Merida,Merida's Adventure,2013,102,1,Yes,No,Red,Grey,Yellow,Victorian,Yes,No,Fish,Yes,None,Village,No,Nordic,Yes,Yes,Yes,No,Villain of Merida,Hunter,6.9,60,372,52,1206,84,293,202,#TeamMerida #LoveMerida #MeridaForever,Yes,73
Aurora,Aurora's Adventure,2014,108,5,No,Yes,Red,Hazel,Yellow,Medieval,Yes,Yes,Fish,No,Ice,Castle,Yes,Nordic,Yes,Yes,Yes,No,Villain of Aurora,Stepmother,7.2,78,933,47,4354,22,47,746,#TeamAurora #LoveAurora #AuroraForever,No,52
Moana,Moana's Adventure,1947,106,7,No,Yes,Black,Brown,Pink,Medieval,No,Yes,Fish,No,Dragon,Desert,Yes,African-American,No,Yes,No,No,Villain of Moana,Warlord,7.7,76,396,41,3685,39,133,878,#TeamMoana #LoveMoana #MoanaForever,Yes,87
Mulan,Mulan's Adventure,1944,72,4,No,No,White,Blue,Yellow,Modern,No,Yes,None,Yes,Ocean,Castle,No,African-American,Yes,No,No,No,Villain of Mulan,None,7.1,71,565,41,2538,84,63,496,#TeamMulan #LoveMulan #MulanForever,No,68
Mulan,Mulan's Adventure,2015,105,1,No,No,Blonde,Brown,Green,Medieval,Yes,No,None,No,Healing,Village,Yes,Scottish,Yes,Yes,No,No,Villain of Mulan,Sorcerer,7.1,83,530,56,2395,81,126,919,#TeamMulan #LoveMulan #MulanForever,No,64
Ariel,Ariel's Adventure,1989,83,1,No,No,Black,Blue,Blue,Medieval,No,Yes,Fish,Yes,Voice,Village,Yes,Polynesian,No,Yes,Yes,No,Villain of Ariel,Stepmother,7.6,91,523,37,1473,60,269,883,#TeamAriel #LoveAriel #ArielForever,No,88
Ariel,Ariel's Adventure,1983,104,2,Yes,No,Blonde,Blue,Pink,Victorian,Yes,Yes,None,No,None,Ocean,Yes,Scottish,No,Yes,Yes,Yes,Villain of Ariel,Witch,7.4,63,708,35,1442,20,146,299,#TeamAriel #LoveAriel #ArielForever,Yes,55
Tiana,Tiana's Adventure,1967,98,6,Yes,Yes,Black,Brown,Pink,Modern,Yes,Yes,Fish,Yes,Dragon,Castle,Yes,Chinese,No,No,No,Yes,Villain of Tiana,Sorcerer,7.5,93,1019,52,1657,54,281,587,#TeamTiana #LoveTiana #TianaForever,No,72
Rapunzel,Rapunzel's Adventure,1961,99,3,No,Yes,White,Blue,Pink,Ancient,No,No,None,No,Voice,Village,No,Native American,No,Yes,Yes,No,Villain of Rapunzel,Stepmother,7.9,100,239,53,2482,39,179,246,#TeamRapunzel #LoveRapunzel #RapunzelForever,Yes,70
Snow White,Snow White's Adventure,1943,103,7,No,No,Blonde,Blue,Purple,Ancient,No,No,Horse,Yes,Voice,Desert,Yes,Nordic,Yes,No,No,Yes,Villain of Snow White,Warlord,8.4,69,167,40,1732,40,223,909,#TeamSnow White #LoveSnow White #Snow WhiteForever,Yes,53
Cinderella,Cinderella's Adventure,1955,89,6,No,Yes,Brown,Green,Blue,Modern,Yes,Yes,None,No,Healing,Village,Yes,French,Yes,Yes,No,No,Villain of Cinderella,None,6.6,69,447,36,3843,76,217,924,#TeamCinderella #LoveCinderella #CinderellaForever,Yes,89
Mulan,Mulan's Adventure,1972,107,1,No,No,Black,Green,Green,Modern,No,No,Dragon,Yes,None,Village,Yes,Nordic,Yes,No,No,No,Villain of Mulan,Witch,6.2,85,489,46,3145,34,172,340,#TeamMulan #LoveMulan #MulanForever,Yes,70
Jasmine,Jasmine's Adventure,1991,95,7,Yes,Yes,White,Green,Blue,Modern,No,Yes,Horse,Yes,Ice,Village,Yes,Nordic,No,No,Yes,Yes,Villain of Jasmine,Witch,7.2,76,745,51,601,33,70,901,#TeamJasmine #LoveJasmine #JasmineForever,No,64
Ariel,Ariel's Adventure,1995,81,3,No,Yes,Red,Hazel,Yellow,Victorian,Yes,Yes,None,Yes,Ocean,Desert,No,Chinese,Yes,No,No,Yes,Villain of Ariel,None,6.6,91,825,26,4799,71,110,976,#TeamAriel #LoveAriel #ArielForever,No,52
Mulan,Mulan's Adventure,1993,93,2,Yes,No,Black,Grey,Yellow,Medieval,Yes,No,Horse,No,Ice,Village,Yes,Native American,No,No,No,No,Villain of Mulan,Witch,8.9,78,1217,37,3422,21,191,910,#TeamMulan #LoveMulan #MulanForever,No,52
Mulan,Mulan's Adventure,1991,73,1,Yes,No,Brown,Brown,Purple,Medieval,No,No,None,Yes,Voice,Ocean,No,Polynesian,Yes,Yes,Yes,Yes,Villain of Mulan,Stepmother,8.0,71,157,28,2307,29,251,589,#TeamMulan #LoveMulan #MulanForever,No,74
Elsa,Elsa's Adventure,2010,82,6,No,No,Black,Grey,Pink,Modern,No,Yes,Dragon,Yes,Dragon,Castle,No,Nordic,Yes,Yes,No,No,Villain of Elsa,Witch,7.7,61,1180,43,1197,71,54,314,#TeamElsa #LoveElsa #ElsaForever,Yes,70
Anna,Anna's Adventure,1951,87,1,No,Yes,Brown,Brown,Purple,Ancient,Yes,No,Horse,Yes,Dragon,Village,No,Nordic,Yes,No,Yes,No,Villain of Anna,None,7.9,82,1078,32,963,46,257,175,#TeamAnna #LoveAnna #AnnaForever,No,75
Tiana,Tiana's Adventure,1965,100,3,No,No,Black,Grey,Purple,Modern,No,Yes,None,No,None,Desert,Yes,Scottish,Yes,Yes,Yes,Yes,Villain of Tiana,None,6.7,87,1237,41,3192,34,179,833,#TeamTiana #LoveTiana #TianaForever,Yes,81
Elsa,Elsa's Adventure,1938,91,1,Yes,Yes,Brown,Grey,Yellow,Medieval,Yes,Yes,Fish,No,None,Castle,No,Scottish,Yes,No,No,Yes,Villain of Elsa,Stepmother,7.1,87,330,55,2022,26,261,950,#TeamElsa #LoveElsa #ElsaForever,No,69
Anna,Anna's Adventure,1996,103,4,No,Yes,Brown,Hazel,Purple,Medieval,Yes,Yes,None,No,Ice,Village,No,African-American,No,Yes,Yes,No,Villain of Anna,Sorcerer,7.3,86,1091,41,2019,76,294,821,#TeamAnna #LoveAnna #AnnaForever,No,90
Raya,Raya's Adventure,2013,93,4,Yes,Yes,Blonde,Brown,Blue,Modern,No,Yes,Dragon,No,None,Mountains,Yes,French,Yes,No,Yes,Yes,Villain of Raya,Hunter,6.4,82,331,44,4468,37,17,783,#TeamRaya #LoveRaya #RayaForever,No,69
Jasmine,Jasmine's Adventure,2000,70,4,No,Yes,Black,Green,Pink,Ancient,No,Yes,Horse,Yes,Healing,Castle,Yes,Polynesian,No,Yes,No,Yes,Villain of Jasmine,Sorcerer,8.9,64,711,45,4518,93,56,632,#TeamJasmine #LoveJasmine #JasmineForever,Yes,73
Elsa,Elsa's Adventure,1965,78,6,Yes,Yes,Black,Green,Yellow,Ancient,No,No,None,Yes,Ocean,Ocean,No,African-American,No,No,No,Yes,Villain of Elsa,Witch,7.6,88,1113,39,599,78,35,917,#TeamElsa #LoveElsa #ElsaForever,No,93
Belle,Belle's Adventure,2003,93,6,No,Yes,Black,Green,Pink,Ancient,No,No,Horse,No,Voice,Forest,No,Chinese,Yes,Yes,No,Yes,Villain of Belle,Sorcerer,8.4,93,1139,48,4979,54,49,834,#TeamBelle #LoveBelle #BelleForever,Yes,90
Elsa,Elsa's Adventure,1999,103,2,Yes,Yes,Black,Green,Blue,Modern,Yes,No,Fish,No,Ice,Forest,No,French,Yes,No,Yes,Yes,Villain of Elsa,Witch,6.6,71,392,42,1663,54,56,133,#TeamElsa #LoveElsa #ElsaForever,Yes,85
Mulan,Mulan's Adventure,1987,94,5,No,Yes,Black,Green,Pink,Victorian,Yes,Yes,Horse,Yes,Dragon,Ocean,Yes,African-American,No,No,Yes,Yes,Villain of Mulan,Warlord,8.7,90,1252,24,4998,57,236,585,#TeamMulan #LoveMulan #MulanForever,Yes,55
Ariel,Ariel's Adventure,2018,108,7,Yes,No,Blonde,Brown,Yellow,Ancient,No,Yes,None,No,None,Ocean,Yes,Arabian,Yes,Yes,Yes,No,Villain of Ariel,Witch,6.7,87,845,31,1222,72,58,115,#TeamAriel #LoveAriel #ArielForever,No,54
Merida,Merida's Adventure,1998,88,2,No,No,White,Brown,Yellow,Victorian,No,Yes,Horse,Yes,None,Ocean,No,Chinese,Yes,No,Yes,No,Villain of Merida,Witch,7.0,66,1005,32,270,52,71,545,#TeamMerida #LoveMerida #MeridaForever,Yes,63
Mulan,Mulan's Adventure,1938,105,4,No,Yes,White,Hazel,Pink,Victorian,No,Yes,Dragon,No,Healing,Village,No,Polynesian,No,No,Yes,No,Villain of Mulan,Warlord,6.4,86,904,43,4778,94,26,839,#TeamMulan #LoveMulan #MulanForever,No,86
Anna,Anna's Adventure,1983,71,1,Yes,Yes,White,Green,Pink,Medieval,Yes,Yes,None,No,Dragon,Forest,Yes,Native American,Yes,Yes,No,No,Villain of Anna,Hunter,6.0,74,890,34,3121,72,206,115,#TeamAnna #LoveAnna #AnnaForever,Yes,51
Moana,Moana's Adventure,1949,79,7,Yes,Yes,White,Grey,Green,Ancient,Yes,Yes,Horse,No,Ice,Village,Yes,Chinese,Yes,No,Yes,Yes,Villain of Moana,Stepmother,8.9,87,150,31,72,99,188,170,#TeamMoana #LoveMoana #MoanaForever,No,85
Cinderella,Cinderella's Adventure,2001,99,6,Yes,Yes,White,Hazel,Green,Medieval,No,Yes,Fish,Yes,Healing,Village,No,Native American,Yes,Yes,Yes,Yes,Villain of Cinderella,Sorcerer,6.4,81,353,43,768,35,37,629,#TeamCinderella #LoveCinderella #CinderellaForever,No,61
Raya,Raya's Adventure,2000,84,5,Yes,Yes,White,Blue,Yellow,Victorian,Yes,No,Fish,Yes,None,Village,No,Polynesian,No,No,Yes,No,Villain of Raya,Sorcerer,7.2,62,672,36,1304,40,75,560,#TeamRaya #LoveRaya #RayaForever,No,99
Anna,Anna's Adventure,1994,104,4,No,No,Blonde,Grey,Yellow,Ancient,No,No,Horse,No,Healing,Desert,No,Chinese,No,No,No,No,Villain of Anna,Witch,6.8,78,217,24,3297,87,49,709,#TeamAnna #LoveAnna #AnnaForever,Yes,54
Raya,Raya's Adventure,1956,71,5,No,No,Black,Green,Purple,Victorian,Yes,No,Horse,Yes,Healing,Castle,Yes,French,Yes,No,Yes,Yes,Villain of Raya,Hunter,6.1,69,1163,25,4654,92,85,178,#TeamRaya #LoveRaya #RayaForever,No,83
Moana,Moana's Adventure,1985,94,4,No,No,White,Grey,Blue,Medieval,Yes,No,Fish,No,Ice,Mountains,No,Polynesian,Yes,No,No,Yes,Villain of Moana,Hunter,7.4,96,1018,21,2565,83,281,759,#TeamMoana #LoveMoana #MoanaForever,No,60
Rapunzel,Rapunzel's Adventure,2007,104,6,No,Yes,Brown,Blue,Yellow,Modern,Yes,No,Horse,No,Dragon,Forest,Yes,Arabian,No,Yes,No,No,Villain of Rapunzel,Sorcerer,7.1,98,747,31,4356,96,36,968,#TeamRapunzel #LoveRapunzel #RapunzelForever,No,78
Ariel,Ariel's Adventure,2003,97,4,No,No,White,Blue,Pink,Modern,Yes,No,Fish,Yes,Ice,Desert,Yes,French,Yes,Yes,No,No,Villain of Ariel,Hunter,8.1,100,1249,55,111,75,177,801,#TeamAriel #LoveAriel #ArielForever,Yes,76
Merida,Merida's Adventure,1946,78,6,No,No,Brown,Hazel,Yellow,Modern,No,Yes,Dragon,Yes,Ice,Ocean,No,French,No,Yes,Yes,Yes,Villain of Merida,Stepmother,9.0,76,1289,34,1681,34,232,252,#TeamMerida #LoveMerida #MeridaForever,Yes,63
Cinderella,Cinderella's Adventure,1975,86,2,No,Yes,Red,Brown,Pink,Medieval,Yes,Yes,None,No,Ocean,Ocean,Yes,Native American,Yes,No,No,Yes,Villain of Cinderella,Warlord,8.2,97,365,46,1213,77,196,449,#TeamCinderella #LoveCinderella #CinderellaForever,No,78
Raya,Raya's Adventure,2014,103,2,Yes,Yes,Brown,Brown,Yellow,Modern,Yes,No,Fish,Yes,Ocean,Mountains,No,Chinese,Yes,No,No,No,Villain of Raya,Stepmother,6.3,98,1175,32,4581,36,25,881,#TeamRaya #LoveRaya #RayaForever,No,52
Cinderella,Cinderella's Adventure,1962,106,2,Yes,Yes,Blonde,Brown,Yellow,Medieval,No,Yes,None,No,Voice,Ocean,Yes,Polynesian,No,Yes,No,No,Villain of Cinderella,Hunter,7.7,95,120,26,2955,45,72,407,#TeamCinderella #LoveCinderella #CinderellaForever,Yes,87
Pocahontas,Pocahontas's Adventure,1941,101,1,No,Yes,Blonde,Hazel,Green,Victorian,No,Yes,Horse,Yes,None,Ocean,Yes,African-American,Yes,No,Yes,Yes,Villain of Pocahontas,Stepmother,7.2,78,647,32,4845,44,263,126,#TeamPocahontas #LovePocahontas #PocahontasForever,No,57
Rapunzel,Rapunzel's Adventure,1992,102,7,Yes,Yes,Red,Hazel,Blue,Victorian,No,Yes,Dragon,No,Voice,Castle,Yes,Polynesian,No,No,No,Yes,Villain of Rapunzel,Warlord,6.5,96,1084,31,1835,52,75,143,#TeamRapunzel #LoveRapunzel #RapunzelForever,No,70
Jasmine,Jasmine's Adventure,1959,101,2,No,No,Blonde,Blue,Green,Modern,Yes,No,None,Yes,None,Castle,No,Polynesian,Yes,No,Yes,Yes,Villain of Jasmine,Warlord,6.1,71,1211,29,3352,44,59,426,#TeamJasmine #LoveJasmine #JasmineForever,No,56
Ariel,Ariel's Adventure,1990,91,7,Yes,No,Red,Brown,Pink,Modern,No,Yes,Fish,Yes,Healing,Mountains,No,Arabian,Yes,Yes,Yes,No,Villain of Ariel,Stepmother,7.1,88,124,41,2458,60,110,665,#TeamAriel #LoveAriel #ArielForever,No,70
Anna,Anna's Adventure,1962,109,1,Yes,Yes,Black,Brown,Green,Medieval,No,No,Horse,No,Voice,Castle,No,French,No,No,No,Yes,Villain of Anna,Warlord,8.8,95,867,33,1839,66,239,592,#TeamAnna #LoveAnna #AnnaForever,Yes,63
Cinderella,Cinderella's Adventure,1991,105,2,No,No,Red,Blue,Pink,Ancient,No,Yes,Dragon,Yes,Ice,Ocean,No,Nordic,Yes,Yes,No,No,Villain of Cinderella,Hunter,8.2,61,386,38,1129,51,112,361,#TeamCinderella #LoveCinderella #CinderellaForever,No,87
Aurora,Aurora's Adventure,1945,78,7,No,Yes,Brown,Green,Blue,Victorian,Yes,Yes,Horse,No,Dragon,Forest,Yes,Native American,No,No,No,Yes,Villain of Aurora,None,7.2,82,462,33,214,32,294,159,#TeamAurora #LoveAurora #AuroraForever,No,85
Raya,Raya's Adventure,2001,107,5,No,Yes,Brown,Blue,Yellow,Modern,No,No,Fish,Yes,Dragon,Village,No,Nordic,Yes,No,No,Yes,Villain of Raya,None,7.1,61,754,46,2881,62,31,394,#TeamRaya #LoveRaya #RayaForever,Yes,85
Tiana,Tiana's Adventure,1969,76,2,Yes,Yes,Black,Blue,Pink,Modern,Yes,Yes,None,Yes,Healing,Forest,No,French,Yes,Yes,No,No,Villain of Tiana,Stepmother,7.7,63,1217,37,4709,78,67,752,#TeamTiana #LoveTiana #TianaForever,Yes,76
Ariel,Ariel's Adventure,2012,76,7,No,Yes,Black,Hazel,Blue,Victorian,Yes,Yes,Fish,Yes,Ice,Castle,No,Polynesian,Yes,No,No,Yes,Villain of Ariel,Warlord,7.1,91,924,48,2256,22,83,576,#TeamAriel #LoveAriel #ArielForever,Yes,62
Moana,Moana's Adventure,2017,100,4,No,Yes,White,Green,Pink,Victorian,No,Yes,None,Yes,Ice,Desert,No,Arabian,No,Yes,No,Yes,Villain of Moana,None,7.7,92,334,20,67,86,91,814,#TeamMoana #LoveMoana #MoanaForever,Yes,59
Cinderella,Cinderella's Adventure,2010,99,3,No,No,Brown,Hazel,Purple,Ancient,Yes,No,Fish,Yes,Dragon,Forest,No,Scottish,No,Yes,No,Yes,Villain of Cinderella,Stepmother,7.7,77,777,53,993,71,15,308,#TeamCinderella #LoveCinderella #CinderellaForever,No,67
Belle,Belle's Adventure,1971,75,3,Yes,Yes,White,Grey,Blue,Modern,Yes,Yes,Horse,No,Healing,Desert,No,African-American,No,No,Yes,Yes,Villain of Belle,Warlord,7.2,67,1074,32,2331,62,78,807,#TeamBelle #LoveBelle #BelleForever,No,68
Belle,Belle's Adventure,1942,96,6,Yes,No,Blonde,Blue,Green,Victorian,No,Yes,None,No,Dragon,Ocean,No,French,No,Yes,Yes,Yes,Villain of Belle,Hunter,8.1,77,724,21,1603,31,91,620,#TeamBelle #LoveBelle #BelleForever,No,67
Pocahontas,Pocahontas's Adventure,1967,76,5,Yes,No,White,Grey,Green,Victorian,Yes,Yes,Fish,Yes,Ocean,Forest,No,African-American,Yes,No,Yes,No,Villain of Pocahontas,Witch,7.0,76,431,51,3312,49,158,939,#TeamPocahontas #LovePocahontas #PocahontasForever,Yes,53
Rapunzel,Rapunzel's Adventure,2019,102,7,No,No,Black,Hazel,Pink,Medieval,No,Yes,Horse,Yes,Dragon,Desert,Yes,Nordic,Yes,No,Yes,Yes,Villain of Rapunzel,Hunter,8.0,60,713,55,1610,75,206,23,#TeamRapunzel #LoveRapunzel #RapunzelForever,Yes,65
Tiana,Tiana's Adventure,1983,74,2,No,No,White,Green,Yellow,Victorian,Yes,No,Dragon,Yes,Ice,Castle,No,Native American,Yes,Yes,Yes,No,Villain of Tiana,None,6.6,99,1043,27,2367,35,105,361,#TeamTiana #LoveTiana #TianaForever,No,94
Snow White,Snow White's Adventure,1958,80,5,No,No,Blonde,Hazel,Green,Medieval,No,Yes,Dragon,Yes,Voice,Mountains,No,Arabian,No,No,No,No,Villain of Snow White,Stepmother,6.1,78,675,41,2425,22,223,52,#TeamSnow White #LoveSnow White #Snow WhiteForever,No,88
Rapunzel,Rapunzel's Adventure,1949,72,4,No,Yes,Red,Green,Yellow,Medieval,Yes,Yes,Dragon,No,Voice,Desert,Yes,Scottish,Yes,Yes,Yes,No,Villain of Rapunzel,Warlord,6.6,75,285,52,3833,45,164,863,#TeamRapunzel #LoveRapunzel #RapunzelForever,Yes,59
Merida,Merida's Adventure,1950,85,5,Yes,Yes,Black,Hazel,Yellow,Ancient,Yes,No,Dragon,Yes,Healing,Forest,Yes,Scottish,Yes,No,No,No,Villain of Merida,Stepmother,6.7,84,942,47,293,87,78,601,#TeamMerida #LoveMerida #MeridaForever,Yes,65
Anna,Anna's Adventure,1992,75,1,No,Yes,Red,Green,Blue,Ancient,No,No,Fish,No,Ocean,Mountains,No,French,Yes,No,Yes,Yes,Villain of Anna,Stepmother,6.9,62,124,58,981,84,154,174,#TeamAnna #LoveAnna #AnnaForever,No,92
Elsa,Elsa's Adventure,1954,96,6,No,Yes,Black,Grey,Pink,Ancient,Yes,No,Dragon,Yes,Ice,Village,Yes,Arabian,Yes,No,No,No,Villain of Elsa,Warlord,7.1,89,518,20,3444,55,80,987,#TeamElsa #LoveElsa #ElsaForever,No,85
Raya,Raya's Adventure,1971,99,1,No,No,Blonde,Green,Yellow,Modern,No,No,None,Yes,None,Village,No,Polynesian,Yes,Yes,Yes,Yes,Villain of Raya,None,8.6,82,423,49,1609,50,245,906,#TeamRaya #LoveRaya #RayaForever,Yes,62
Belle,Belle's Adventure,1964,100,7,No,Yes,Blonde,Green,Yellow,Modern,Yes,No,Dragon,Yes,Voice,Castle,Yes,Scottish,Yes,Yes,No,Yes,Villain of Belle,Witch,8.8,79,183,41,4364,55,18,387,#TeamBelle #LoveBelle #BelleForever,Yes,68
Merida,Merida's Adventure,1988,83,3,No,Yes,Red,Brown,Yellow,Victorian,Yes,Yes,Dragon,Yes,Dragon,Desert,Yes,Native American,Yes,No,No,No,Villain of Merida,None,7.0,88,312,23,2605,69,181,418,#TeamMerida #LoveMerida #MeridaForever,No,83
Anna,Anna's Adventure,1980,75,3,No,Yes,Red,Grey,Yellow,Ancient,Yes,Yes,None,Yes,None,Castle,No,Polynesian,No,Yes,Yes,No,Villain of Anna,Witch,8.6,93,316,49,2047,41,12,223,#TeamAnna #LoveAnna #AnnaForever,No,53
Mulan,Mulan's Adventure,2018,70,4,No,Yes,Blonde,Grey,Yellow,Ancient,No,No,None,Yes,None,Ocean,No,Polynesian,No,Yes,Yes,No,Villain of Mulan,Warlord,7.0,70,325,37,3898,87,62,630,#TeamMulan #LoveMulan #MulanForever,Yes,77
Tiana,Tiana's Adventure,1947,71,7,Yes,No,Black,Brown,Yellow,Victorian,No,No,Horse,No,Ice,Desert,No,Arabian,No,Yes,No,Yes,Villain of Tiana,Hunter,6.1,92,1255,22,1204,87,106,178,#TeamTiana #LoveTiana #TianaForever,Yes,87
Pocahontas,Pocahontas's Adventure,2014,100,4,Yes,Yes,Blonde,Blue,Green,Ancient,Yes,Yes,Dragon,No,Ice,Mountains,No,Polynesian,Yes,No,No,No,Villain of Pocahontas,Witch,8.6,82,1266,32,817,45,269,860,#TeamPocahontas #LovePocahontas #PocahontasForever,Yes,95
Mulan,Mulan's Adventure,1937,88,5,No,Yes,White,Grey,Pink,Medieval,Yes,No,None,Yes,Voice,Mountains,No,French,Yes,No,Yes,Yes,Villain of Mulan,Warlord,8.7,71,597,35,2962,28,136,699,#TeamMulan #LoveMulan #MulanForever,Yes,86
Belle,Belle's Adventure,2015,95,7,No,No,Blonde,Grey,Pink,Victorian,No,No,None,No,Dragon,Mountains,Yes,Native American,Yes,No,Yes,No,Villain of Belle,None,9.0,72,971,42,1818,75,21,301,#TeamBelle #LoveBelle #BelleForever,Yes,78
Aurora,Aurora's Adventure,1961,79,7,No,No,Brown,Blue,Green,Medieval,Yes,Yes,None,No,Voice,Desert,No,Native American,Yes,No,Yes,Yes,Villain of Aurora,Stepmother,8.3,78,886,29,1579,89,288,275,#TeamAurora #LoveAurora #AuroraForever,Yes,65
Pocahontas,Pocahontas's Adventure,2016,97,2,Yes,No,Brown,Hazel,Purple,Modern,No,No,Horse,No,Voice,Ocean,No,African-American,No,No,Yes,No,Villain of Pocahontas,Hunter,7.3,62,373,34,2614,57,111,157,#TeamPocahontas #LovePocahontas #PocahontasForever,No,67
Belle,Belle's Adventure,1946,95,7,No,No,Brown,Brown,Green,Modern,No,Yes,Fish,No,Ice,Mountains,Yes,Scottish,No,No,No,No,Villain of Belle,None,7.4,96,661,25,2291,77,244,16,#TeamBelle #LoveBelle #BelleForever,Yes,88
Belle,Belle's Adventure,1975,90,4,No,Yes,Black,Grey,Pink,Medieval,Yes,Yes,Dragon,Yes,Ice,Ocean,No,Scottish,No,Yes,Yes,Yes,Villain of Belle,Hunter,7.9,74,395,60,4024,44,52,693,#TeamBelle #LoveBelle #BelleForever,Yes,54
Belle,Belle's Adventure,1945,104,1,No,Yes,Blonde,Hazel,Yellow,Modern,Yes,Yes,Horse,No,Voice,Ocean,Yes,Scottish,No,No,No,Yes,Villain of Belle,Warlord,6.7,89,295,51,3605,86,286,215,#TeamBelle #LoveBelle #BelleForever,No,79
Belle,Belle's Adventure,1968,77,7,Yes,Yes,White,Hazel,Yellow,Victorian,Yes,No,Fish,Yes,Dragon,Forest,No,Arabian,Yes,No,No,Yes,Villain of Belle,Sorcerer,7.7,66,286,42,253,23,272,335,#TeamBelle #LoveBelle #BelleForever,No,63
Cinderella,Cinderella's Adventure,1950,77,2,No,Yes,Black,Blue,Purple,Ancient,Yes,No,Horse,No,Ocean,Mountains,No,Arabian,No,No,Yes,Yes,Villain of Cinderella,Stepmother,7.4,90,748,27,153,66,131,994,#TeamCinderella #LoveCinderella #CinderellaForever,Yes,71
Aurora,Aurora's Adventure,1984,79,7,Yes,Yes,Red,Hazel,Pink,Medieval,Yes,No,Fish,Yes,Healing,Mountains,Yes,Scottish,No,Yes,Yes,No,Villain of Aurora,Stepmother,6.2,66,960,48,4831,76,124,353,#TeamAurora #LoveAurora #AuroraForever,Yes,73
Anna,Anna's Adventure,1990,95,7,Yes,No,Black,Grey,Blue,Ancient,Yes,Yes,None,Yes,Voice,Mountains,Yes,French,Yes,Yes,Yes,Yes,Villain of Anna,Stepmother,8.8,86,224,54,721,40,73,907,#TeamAnna #LoveAnna #AnnaForever,Yes,70
Belle,Belle's Adventure,1990,89,4,No,No,Brown,Blue,Purple,Modern,Yes,No,None,No,Dragon,Forest,Yes,French,Yes,Yes,Yes,No,Villain of Belle,None,8.7,84,895,49,2130,86,31,850,#TeamBelle #LoveBelle #BelleForever,Yes,95
Anna,Anna's Adventure,1994,90,2,Yes,No,Brown,Blue,Green,Modern,Yes,Yes,Dragon,Yes,Ocean,Desert,No,African-American,Yes,Yes,No,Yes,Villain of Anna,Warlord,8.4,97,1270,26,940,81,183,126,#TeamAnna #LoveAnna #AnnaForever,Yes,84
Ariel,Ariel's Adventure,1948,102,6,Yes,No,Blonde,Green,Purple,Ancient,No,Yes,Fish,Yes,Ocean,Village,Yes,African-American,Yes,No,No,No,Villain of Ariel,Witch,7.0,65,681,38,2670,65,153,999,#TeamAriel #LoveAriel #ArielForever,Yes,100
Elsa,Elsa's Adventure,2007,71,2,Yes,Yes,Brown,Blue,Pink,Modern,No,No,Fish,No,Ocean,Forest,Yes,Arabian,Yes,Yes,Yes,No,Villain of Elsa,Witch,7.0,87,236,48,2349,22,147,335,#TeamElsa #LoveElsa #ElsaForever,Yes,97
Jasmine,Jasmine's Adventure,2021,80,1,No,No,White,Brown,Yellow,Victorian,Yes,Yes,Dragon,No,None,Forest,Yes,French,No,No,Yes,No,Villain of Jasmine,Witch,8.6,73,975,24,3448,54,297,503,#TeamJasmine #LoveJasmine #JasmineForever,No,79
Elsa,Elsa's Adventure,2010,105,5,Yes,No,Red,Grey,Blue,Ancient,No,No,None,No,Ice,Village,Yes,French,No,Yes,No,No,Villain of Elsa,Witch,6.4,94,779,60,4832,37,175,805,#TeamElsa #LoveElsa #ElsaForever,Yes,60
Belle,Belle's Adventure,2010,96,3,No,No,Red,Green,Pink,Modern,No,Yes,Fish,Yes,Dragon,Desert,Yes,Native American,Yes,Yes,No,No,Villain of Belle,Sorcerer,9.0,89,888,23,1720,77,31,483,#TeamBelle #LoveBelle #BelleForever,Yes,93
Rapunzel,Rapunzel's Adventure,2017,93,1,No,Yes,Blonde,Green,Green,Modern,No,No,Horse,No,Healing,Castle,Yes,Polynesian,No,Yes,No,Yes,Villain of Rapunzel,Witch,7.2,77,1147,21,4289,88,142,295,#TeamRapunzel #LoveRapunzel #RapunzelForever,Yes,50
Cinderella,Cinderella's Adventure,1971,109,4,Yes,No,Blonde,Blue,Yellow,Medieval,Yes,No,Dragon,Yes,Dragon,Castle,No,Arabian,Yes,Yes,No,No,Villain of Cinderella,Sorcerer,6.9,62,825,45,454,48,41,451,#TeamCinderella #LoveCinderella #CinderellaForever,No,96
Rapunzel,Rapunzel's Adventure,1976,70,2,Yes,Yes,Red,Hazel,Green,Medieval,No,No,Horse,Yes,Ice,Mountains,No,Native American,Yes,Yes,Yes,No,Villain of Rapunzel,Hunter,7.8,75,338,54,3980,30,90,809,#TeamRapunzel #LoveRapunzel #RapunzelForever,Yes,59
Pocahontas,Pocahontas's Adventure,2012,76,6,No,No,Red,Blue,Yellow,Ancient,Yes,No,Horse,No,Ice,Mountains,No,Polynesian,No,Yes,Yes,No,Villain of Pocahontas,Hunter,8.4,79,270,32,2385,99,40,173,#TeamPocahontas #LovePocahontas #PocahontasForever,No,95
Moana,Moana's Adventure,1969,75,7,No,Yes,White,Green,Purple,Ancient,No,No,Fish,Yes,Dragon,Forest,Yes,African-American,No,No,No,No,Villain of Moana,Stepmother,8.2,71,115,36,4724,88,228,290,#TeamMoana #LoveMoana #MoanaForever,No,62
Anna,Anna's Adventure,2021,87,3,Yes,Yes,Black,Grey,Purple,Ancient,Yes,No,Horse,No,Voice,Castle,Yes,Arabian,Yes,No,Yes,No,Villain of Anna,Stepmother,8.8,76,1017,39,3662,44,107,769,#TeamAnna #LoveAnna #AnnaForever,Yes,52
Cinderella,Cinderella's Adventure,1940,77,4,No,Yes,Brown,Blue,Pink,Medieval,Yes,No,None,Yes,Voice,Castle,Yes,Polynesian,Yes,Yes,No,No,Villain of Cinderella,Stepmother,6.4,69,846,55,1508,89,236,682,#TeamCinderella #LoveCinderella #CinderellaForever,Yes,75
Pocahontas,Pocahontas's Adventure,1963,110,4,Yes,No,Black,Brown,Yellow,Medieval,Yes,Yes,None,Yes,Ice,Desert,Yes,Chinese,No,Yes,No,No,Villain of Pocahontas,Stepmother,8.7,75,897,36,469,53,296,951,#TeamPocahontas #LovePocahontas #PocahontasForever,No,73
Raya,Raya's Adventure,1937,95,1,Yes,Yes,Brown,Hazel,Green,Medieval,Yes,Yes,Dragon,No,Healing,Ocean,No,Scottish,No,No,Yes,No,Villain of Raya,None,7.6,78,848,25,2785,82,39,651,#TeamRaya #LoveRaya #RayaForever,Yes,65
Tiana,Tiana's Adventure,1989,79,1,Yes,Yes,Blonde,Green,Pink,Medieval,No,Yes,Dragon,No,Healing,Forest,No,French,Yes,No,No,Yes,Villain of Tiana,None,6.1,67,614,52,1922,78,231,485,#TeamTiana #LoveTiana #TianaForever,No,72
Jasmine,Jasmine's Adventure,1951,90,6,No,No,White,Green,Pink,Victorian,No,No,Fish,No,Voice,Mountains,Yes,Scottish,Yes,Yes,Yes,Yes,Villain of Jasmine,None,8.5,71,529,47,3459,46,225,373,#TeamJasmine #LoveJasmine #JasmineForever,No,76
Ariel,Ariel's Adventure,1967,85,7,No,No,Brown,Hazel,Pink,Medieval,Yes,No,Dragon,Yes,None,Forest,No,Arabian,Yes,No,Yes,Yes,Villain of Ariel,Warlord,6.8,70,570,56,1906,89,150,605,#TeamAriel #LoveAriel #ArielForever,No,81
Anna,Anna's Adventure,1970,104,6,No,No,Brown,Green,Blue,Modern,Yes,No,Fish,No,Ocean,Castle,Yes,Native American,No,No,Yes,Yes,Villain of Anna,None,8.4,79,947,57,2889,92,115,288,#TeamAnna #LoveAnna #AnnaForever,No,85
Belle,Belle's Adventure,2004,89,1,Yes,Yes,Brown,Green,Green,Ancient,Yes,No,Fish,Yes,Ocean,Forest,No,French,No,Yes,Yes,No,Villain of Belle,Hunter,8.5,74,675,38,1062,34,115,120,#TeamBelle #LoveBelle #BelleForever,Yes,96
Cinderella,Cinderella's Adventure,2000,91,6,Yes,No,Red,Brown,Pink,Modern,No,No,Dragon,No,Ocean,Desert,Yes,Scottish,No,No,Yes,Yes,Villain of Cinderella,Hunter,6.7,86,616,58,1466,29,234,376,#TeamCinderella #LoveCinderella #CinderellaForever,Yes,58
Snow White,Snow White's Adventure,2012,86,2,Yes,Yes,Red,Grey,Yellow,Victorian,No,No,Dragon,Yes,Dragon,Desert,Yes,Scottish,Yes,Yes,Yes,No,Villain of Snow White,Witch,7.2,93,657,20,1602,88,264,166,#TeamSnow White #LoveSnow White #Snow WhiteForever,No,67
Cinderella,Cinderella's Adventure,1989,103,3,No,Yes,Black,Brown,Yellow,Victorian,Yes,No,Horse,Yes,Voice,Ocean,No,Arabian,Yes,No,No,Yes,Villain of Cinderella,Witch,8.1,94,696,29,1879,51,65,856,#TeamCinderella #LoveCinderella #CinderellaForever,No,87
Ariel,Ariel's Adventure,1989,105,6,No,No,Blonde,Grey,Blue,Medieval,No,Yes,Horse,Yes,Ice,Forest,No,Polynesian,No,Yes,Yes,Yes,Villain of Ariel,None,8.6,84,1178,57,2984,57,111,920,#TeamAriel #LoveAriel #ArielForever,No,60
Belle,Belle's Adventure,2019,90,7,No,Yes,White,Grey,Green,Victorian,No,No,Dragon,Yes,Healing,Ocean,No,African-American,Yes,No,No,Yes,Villain of Belle,Hunter,8.2,98,465,32,1063,100,214,421,#TeamBelle #LoveBelle #BelleForever,Yes,70
Jasmine,Jasmine's Adventure,1992,75,1,Yes,No,Brown,Brown,Blue,Victorian,Yes,No,Fish,Yes,Dragon,Castle,No,Chinese,Yes,No,Yes,Yes,Villain of Jasmine,Sorcerer,6.4,80,1162,38,2668,79,51,481,#TeamJasmine #LoveJasmine #JasmineForever,Yes,84
Raya,Raya's Adventure,1988,76,2,Yes,No,Blonde,Blue,Pink,Victorian,Yes,Yes,Dragon,No,Ice,Desert,Yes,African-American,Yes,No,No,No,Villain of Raya,None,6.2,93,1197,52,3794,48,53,185,#TeamRaya #LoveRaya #RayaForever,Yes,84
Moana,Moana's Adventure,1952,81,4,Yes,Yes,Black,Blue,Yellow,Medieval,Yes,Yes,Horse,No,None,Desert,Yes,Arabian,Yes,Yes,Yes,Yes,Villain of Moana,Witch,8.6,98,419,28,4143,41,210,328,#TeamMoana #LoveMoana #MoanaForever,Yes,52
Aurora,Aurora's Adventure,1946,86,4,No,No,Red,Hazel,Pink,Modern,No,No,Fish,No,Healing,Mountains,No,Scottish,Yes,Yes,No,No,Villain of Aurora,Witch,8.7,91,761,29,1927,44,260,798,#TeamAurora #LoveAurora #AuroraForever,Yes,68
Pocahontas,Pocahontas's Adventure,2009,98,5,Yes,Yes,Black,Brown,Purple,Victorian,Yes,No,Fish,No,Healing,Ocean,Yes,Nordic,No,Yes,Yes,Yes,Villain of Pocahontas,Witch,8.3,94,664,46,3643,23,150,155,#TeamPocahontas #LovePocahontas #PocahontasForever,Yes,99
Elsa,Elsa's Adventure,1972,79,2,No,Yes,Brown,Brown,Yellow,Victorian,Yes,Yes,Dragon,No,Dragon,Forest,No,Nordic,Yes,Yes,No,No,Villain of Elsa,Stepmother,6.2,68,1057,50,1688,55,232,439,#TeamElsa #LoveElsa #ElsaForever,No,95
Aurora,Aurora's Adventure,2017,77,7,No,No,Red,Hazel,Purple,Medieval,No,Yes,Horse,No,Dragon,Forest,No,Arabian,No,No,No,No,Villain of Aurora,None,7.3,80,1261,43,2898,88,278,746,#TeamAurora #LoveAurora #AuroraForever,Yes,85
Elsa,Elsa's Adventure,2003,98,5,No,No,Brown,Brown,Yellow,Victorian,No,Yes,Horse,No,Healing,Mountains,Yes,French,No,Yes,No,Yes,Villain of Elsa,Sorcerer,6.5,93,474,37,1087,61,178,302,#TeamElsa #LoveElsa #ElsaForever,No,94
Merida,Merida's Adventure,1971,103,2,No,Yes,Red,Grey,Purple,Victorian,Yes,Yes,Fish,Yes,None,Forest,Yes,Nordic,No,No,Yes,No,Villain of Merida,Stepmother,7.6,68,1030,47,4477,20,298,781,#TeamMerida #LoveMerida #MeridaForever,Yes,54
Mulan,Mulan's Adventure,1994,98,2,No,Yes,Black,Green,Purple,Ancient,Yes,No,Dragon,Yes,None,Ocean,No,Chinese,No,No,Yes,Yes,Villain of Mulan,Sorcerer,7.9,78,346,22,1347,20,138,10,#TeamMulan #LoveMulan #MulanForever,Yes,100
Aurora,Aurora's Adventure,1997,109,1,Yes,No,White,Blue,Pink,Victorian,No,Yes,Dragon,Yes,Ocean,Village,No,Native American,No,Yes,Yes,Yes,Villain of Aurora,Hunter,8.4,91,1010,49,1924,85,264,71,#TeamAurora #LoveAurora #AuroraForever,No,100
Mulan,Mulan's Adventure,2001,95,4,No,No,Blonde,Grey,Yellow,Modern,No,Yes,Fish,Yes,Healing,Ocean,Yes,African-American,Yes,Yes,Yes,No,Villain of Mulan,Sorcerer,6.1,77,1265,31,482,82,58,490,#TeamMulan #LoveMulan #MulanForever,Yes,72
Snow White,Snow White's Adventure,1994,109,7,Yes,No,White,Green,Green,Modern,Yes,Yes,None,No,None,Ocean,Yes,Nordic,Yes,No,No,Yes,Villain of Snow White,Stepmother,7.0,80,1028,22,3177,42,72,530,#TeamSnow White #LoveSnow White #Snow WhiteForever,No,51
Aurora,Aurora's Adventure,1972,95,3,Yes,Yes,Blonde,Blue,Green,Modern,No,No,Horse,Yes,Ice,Castle,No,African-American,No,No,No,No,Villain of Aurora,Stepmother,7.3,79,107,50,180,25,159,442,#TeamAurora #LoveAurora #AuroraForever,No,70
Elsa,Elsa's Adventure,1955,103,7,No,Yes,White,Brown,Purple,Medieval,No,No,Horse,Yes,Dragon,Castle,No,African-American,Yes,No,No,Yes,Villain of Elsa,None,7.6,78,990,46,359,52,271,693,#TeamElsa #LoveElsa #ElsaForever,No,94
Aurora,Aurora's Adventure,2021,90,1,No,No,Blonde,Grey,Green,Victorian,Yes,No,Fish,Yes,Healing,Forest,No,Native American,No,Yes,No,No,Villain of Aurora,Witch,6.4,71,735,46,831,47,277,585,#TeamAurora #LoveAurora #AuroraForever,Yes,69
Ariel,Ariel's Adventure,2018,91,3,Yes,No,Brown,Brown,Blue,Victorian,Yes,Yes,Fish,Yes,Ice,Village,No,Scottish,Yes,Yes,No,No,Villain of Ariel,Sorcerer,7.9,73,1234,53,4194,87,18,888,#TeamAriel #LoveAriel #ArielForever,Yes,93
Rapunzel,Rapunzel's Adventure,1949,100,1,No,Yes,White,Grey,Yellow,Victorian,No,Yes,Fish,Yes,Ice,Desert,No,Nordic,Yes,Yes,No,No,Villain of Rapunzel,None,6.7,83,825,47,1101,68,95,341,#TeamRapunzel #LoveRapunzel #RapunzelForever,No,72
Moana,Moana's Adventure,1975,81,1,Yes,Yes,Black,Brown,Yellow,Ancient,Yes,Yes,Horse,No,Ocean,Mountains,Yes,Arabian,No,Yes,Yes,Yes,Villain of Moana,Sorcerer,6.1,68,337,45,4298,79,53,974,#TeamMoana #LoveMoana #MoanaForever,No,63
Snow White,Snow White's Adventure,2005,96,2,Yes,No,Red,Blue,Yellow,Victorian,No,No,Fish,Yes,Dragon,Ocean,Yes,African-American,No,Yes,No,No,Villain of Snow White,None,7.0,92,296,40,4038,59,117,319,#TeamSnow White #LoveSnow White #Snow WhiteForever,Yes,59
Snow White,Snow White's Adventure,1968,78,1,Yes,No,Brown,Brown,Blue,Victorian,No,Yes,Horse,No,Ocean,Village,No,Native American,Yes,Yes,No,Yes,Villain of Snow White,Witch,7.4,99,428,54,4924,52,105,784,#TeamSnow White #LoveSnow White #Snow WhiteForever,Yes,54
Jasmine,Jasmine's Adventure,1976,84,3,Yes,Yes,Brown,Green,Blue,Medieval,Yes,No,None,Yes,Ocean,Ocean,Yes,Scottish,No,No,Yes,No,Villain of Jasmine,Stepmother,8.1,79,444,55,1377,51,179,646,#TeamJasmine #LoveJasmine #JasmineForever,No,93
Merida,Merida's Adventure,1953,83,6,Yes,Yes,Red,Green,Blue,Modern,Yes,Yes,Horse,No,Voice,Village,No,Native American,No,No,No,No,Villain of Merida,Sorcerer,7.9,88,409,27,1923,54,231,42,#TeamMerida #LoveMerida #MeridaForever,No,64
Moana,Moana's Adventure,1952,78,2,Yes,Yes,Red,Brown,Green,Modern,No,No,Dragon,No,Dragon,Mountains,No,Polynesian,Yes,No,No,No,Villain of Moana,Warlord,7.9,92,156,47,4440,88,248,386,#TeamMoana #LoveMoana #MoanaForever,Yes,97
Cinderella,Cinderella's Adventure,1964,82,2,Yes,Yes,Black,Brown,Purple,Victorian,Yes,No,Dragon,No,None,Forest,Yes,Polynesian,No,No,No,Yes,Villain of Cinderella,Witch,7.1,89,397,44,493,61,156,237,#TeamCinderella #LoveCinderella #CinderellaForever,Yes,89
Anna,Anna's Adventure,1956,95,3,No,No,Blonde,Blue,Green,Ancient,Yes,Yes,Horse,Yes,None,Mountains,Yes,Scottish,Yes,No,Yes,Yes,Villain of Anna,Witch,7.0,93,578,59,523,46,91,140,#TeamAnna #LoveAnna #AnnaForever,Yes,72
Moana,Moana's Adventure,1961,96,4,Yes,No,Black,Grey,Pink,Modern,No,No,Fish,Yes,Dragon,Forest,Yes,Native American,Yes,Yes,Yes,Yes,Villain of Moana,Sorcerer,8.1,78,729,50,4350,74,241,977,#TeamMoana #LoveMoana #MoanaForever,Yes,93
Pocahontas,Pocahontas's Adventure,2019,95,7,No,Yes,Brown,Hazel,Blue,Medieval,No,Yes,Fish,Yes,Voice,Village,Yes,Arabian,No,No,No,Yes,Villain of Pocahontas,Witch,7.7,68,168,23,908,94,173,847,#TeamPocahontas #LovePocahontas #PocahontasForever,No,98
Merida,Merida's Adventure,2001,95,7,Yes,No,Red,Grey,Purple,Victorian,Yes,Yes,Horse,Yes,Healing,Mountains,No,Scottish,No,Yes,No,Yes,Villain of Merida,Witch,6.8,89,309,49,3638,98,225,881,#TeamMerida #LoveMerida #MeridaForever,No,95
Belle,Belle's Adventure,2006,76,1,Yes,No,Red,Green,Yellow,Victorian,No,Yes,Fish,Yes,Healing,Castle,No,African-American,No,No,Yes,Yes,Villain of Belle,Witch,8.5,97,406,53,1558,33,270,274,#TeamBelle #LoveBelle #BelleForever,No,96
Anna,Anna's Adventure,2020,70,2,No,Yes,White,Blue,Blue,Medieval,No,Yes,Fish,Yes,None,Desert,No,French,No,Yes,No,No,Villain of Anna,None,8.6,72,935,25,1815,53,53,164,#TeamAnna #LoveAnna #AnnaForever,Yes,67
Tiana,Tiana's Adventure,1937,71,7,No,No,Red,Blue,Purple,Victorian,Yes,Yes,Dragon,No,Ocean,Mountains,Yes,French,No,No,No,Yes,Villain of Tiana,None,7.6,86,463,54,2365,35,116,584,#TeamTiana #LoveTiana #TianaForever,No,76
Mulan,Mulan's Adventure,1938,105,3,No,No,Brown,Brown,Purple,Medieval,Yes,Yes,Horse,Yes,Healing,Village,No,Arabian,Yes,No,Yes,No,Villain of Mulan,None,7.1,77,195,42,2218,89,11,540,#TeamMulan #LoveMulan #MulanForever,No,69
